task_id,task,full_title,description,family,difficulty,expected_tool_calls,distinct_tools,num_inputs,num_outputs,output_types,output_breakdown,price
AO-01,Premium Clinical Skincare Brand,"Premium Clinical Skincare Brand — Product-Shot Finishing, Logo Vectorization, Per-SKU Label Merge & Print-Ready Packaging Export","Take our raw skincare hero shot, flat logo mark, texture plate and SKU copy sheet and produce a clinically clean white-background product image set, an editable vector logo, a recommended type system, a packaging-safe wide landscape reframe of the hero (cropped from the pure-white-sweep master), a clinical monochrome variant, per-SKU print labels merged from our label template, and a print-ready packaging PDF — all assembled on one presentation board.",Photo & Image,T3_complex,18,17,6,9,5,"image×4, PDF×2, vector(SVG)×1, link/board×1, data/file×1",~$60 est.
AO-02,Performance-ready Meta ad product creatives,"Performance-ready Meta ad product creatives: white-bg clean-up, brand color grade, multi-ratio reframe set, and vectorized logo for paid-social testing","Turn the client's raw product shot and logo into a performance-ready Meta ad creative kit: a retouched pure-white-bg hero, a brand-graded variant, three platform-ratio frames (1:1 / 4:5 / 9:16) built by honestly cropping/reframing the graded hero to each ratio, a vectorized logo, and a Firefly review board.",Photo & Image,T2_moderate,20,16,3,8,3,"image×5, data/file×2, vector(SVG)×1",~$60 est.
AO-03,E-commerce white-background product retouch suite…,E-commerce white-background product retouch suite + vectorized brand mark,"Turn a client's raw, messy-background product photo into a pure-white-background marketplace catalog image and convert their rough hand-drawn logo sketch into a clean, brand-colored, scalable vector logo — then package everything for delivery.",Photo & Image,T1_simple,17,15,2,4,2,"image×2, vector(SVG)×2",~$55 est.
AO-04,Silver Jewelry iPhone Shots to White-Background…,Silver Jewelry iPhone Shots to White-Background E-commerce Set (JPEG + transparent PNG),"Turn a handheld iPhone shot of a silver jewellery piece into a clean, colour-accurate, uniform-white e-commerce set: a 3000x3000 sRGB JPEG plus a matching transparent PNG, ready to slot straight into the online store.",Photo & Image,T1_simple,16,16,1,4,2,"image×2, data/file×2",~$50 est.
AO-06,White-Background Catalog Cleanup for a…,White-Background Catalog Cleanup for a Firearms/Optics/Outdoor Shopify Store,"Take a batch of inconsistent distributor-supplied product photos for a firearms/optics/outdoor Shopify store and turn them into clean, straightened, color-corrected, pure-white-background, square marketplace hero images (plus transparent-PNG tile variants and a vectorized listing badge), all organized into a review board and a tidy asset folder.",Photo & Image,T2_moderate,16,15,2,8,3,"image×4, data/file×3, vector(SVG)×1",~$60 est.
AO-07,Men's pendant line,Men's pendant line: vectorize the 2D spec sketch + retouch and catalog-prep the sample studio shots,"From the industrial designer's raster pendant sketch and two mixed-lighting workbench photos of a stainless-steel sample pendant and chain, produce a clean factory-ready vector spec asset plus retouched, isolated, color-accurate catalog hero shots (one expanded to a catalog canvas, one duotone print-screen variant) and gather everything on a Firefly board for the design team.",Photo & Image,T2_moderate,24,15,3,5,3,"image×3, vector(SVG)×1, link/board×1",~$65 est.
AO-08,Signature Bracelet Launch,"Signature Bracelet Launch: Studio Retouch, White-Background E-Comm Set, Graded Hero, Expanded Social Banner & Vectorized Mark","Turn the brand's raw studio prototype shots, wordmark, and lifestyle frame into a launch image kit: a clean white-background e-commerce set, a color-graded close-up hero, an expanded social banner, and a vectorized wordmark — then assemble everything on a Firefly board for sign-off.",Photo & Image,T2_moderate,21,17,3,6,3,"image×4, vector(SVG)×1, data/file×1",~$60 est.
AO-10,Modern Silver Rosary Necklace,Modern Silver Rosary Necklace — Commercial Product Package (Hero Retouch + Vector Spec + Screen-Print Tech Graphic + Data-Merge Spec Sheet),"Turn the client's raw studio shot of a modern silver rosary necklace into a full commercial product package: a retouched hero image on a clean sweep, a vector line-art spec, a screen-print-style halftone tech graphic, and a print-ready data-merged spec sheet — all assembled into a review board for revision rounds.",Photo & Image,T2_moderate,17,16,5,7,4,"image×4, vector(SVG)×1, PDF×1, data/file×1",~$55 est.
AO-11,Sterling-Silver Ruby Pendant,"Sterling-Silver Ruby Pendant — Retouched Hero Shots, Color-Matched Set, Vectorized Calligraphy Mark, Moodboard & Spec-Sheet Export","Turn the client's raw photos of a finished Sterling-Silver 925 ruby pendant into a retouched, color-consistent hero product-photo set with a clean white-background cut-out, an reframe-cropped banner, a vectorized Arabic-calligraphy hallmark, a Firefly moodboard, and an exported lookbook/spec sheet.",Photo & Image,T3_complex,22,19,5,8,4,"image×5, vector(SVG)×1, PDF×1, data/file×1",~$65 est.
AO-12,Bright-and-Airy Lightroom Grade for a 38-Shot Food…,"Bright-and-Airy Lightroom Grade for a 38-Shot Food Photography Set (Flat-Lay, 45°, Side)","Take a client's 38-frame food shoot (flat-lay / 45° / side of one dish) that is close to the mark and grade it to a cohesive bright-and-airy look — white balance, exposure, highlight/shadow, gentle color — then deliver straightened, correctly-sized final files.",Photo & Image,T2_moderate,20,15,3,6,2,"image×5, data/file×1",~$60 est.
AO-13,Taco Tuesday & Lunch-Special Meta Ad Photo-Asset…,"Taco Tuesday & Lunch-Special Meta Ad Photo-Asset Prep — Retouch, Grade, Cutout, Multi-Ratio reframe-crop & Delivery Pack for a West Palm Beach Mexican Restaurant","Prep and deliver the campaign-ready photo + brand asset pack (retouched, warm/bold-graded hero food shots, color-splash and subject-pop scroll-stop variants, cut-out dishes, three Meta ad ratios via reframe-crop, a licensed backdrop texture, and a vectorized logo) for a West Palm Beach Mexican restaurant's Taco Tuesday & Lunch-Special Meta ad mockups.",Photo & Image,T3_complex,20,17,4,10,3,"image×8, vector(SVG)×1, data/file×1",~$60 est.
AO-14,Brickyard retro one-page menu,Brickyard retro one-page menu: food-photo grade + logo vectorize + InDesign data-merge to print PDF/JPEG,"Grade four raw burger photos, vectorize the Brickyard wordmark, source a chalkboard texture, and run the client's authored InDesign menu template through a data-merge to produce a print-ready PDF and high-res JPEG.",Photo & Image,T3_complex,25,16,7,5,4,"image×2, vector(SVG)×1, PDF×1, data/file×1",~$70 est.
AO-15,Umaya Tri-Fold Menu Refresh,"Umaya Tri-Fold Menu Refresh — Food Photography Prep, Brand-Cohesive Color Grade, Logo Vectorization & Source Export","Prep, color-grade, cut out, crop, and print-export the new dish photography, the vectorized logo, the textured background, and the existing Illustrator menu source for Umaya's tri-fold menu refresh, all matched to the dark/red Japanese brand look and ready for the designer to place.",Photo & Image,T3_complex,21,20,5,9,3,"image×7, vector(SVG)×1, data/file×1",~$60 est.
AO-17,Dark-Mode Restaurant Website Hero Food Photography…,Dark-Mode Restaurant Website Hero Food Photography Pack,Retouch a restaurant's raw plated-dish photos into a cohesive dark-mode hero-image pack (hero + menu tiles + mobile crop) and assemble a Firefly moodboard for the agency's web designer.,Photo & Image,T2_moderate,22,15,4,6,3,"image×4, vector(SVG)×1, data/file×1",~$65 est.
AO-18,Premium Dark-Mode Restaurant Food-Photography Asset…,"Premium Dark-Mode Restaurant Food-Photography Asset Suite (Hero, Menu Tiles, Logo Vector)","From the client's raw food photos and logo, produce a dark-mode-ready food-photography asset suite — a color-graded wide hero banner, clean-backdrop menu tiles, a mobile crop, and a vector logo — for a premium restaurant website.",Photo & Image,T3_complex,26,14,3,6,3,"image×4, vector(SVG)×1, data/file×1",~$70 est.
AO-20,Premium corporate-website photo retouch,"Premium corporate-website photo retouch: grade, declutter, and export a consistent responsive image set","Take two client-shot raw corporate images (a plant-floor engineer-by-equipment hero and an executive portrait), professionally retouch and color-grade them to one consistent premium look, declutter the busy backgrounds the allowed way, then export a web-optimized responsive set (desktop/tablet/mobile) plus a Firefly board for sign-off.",Photo & Image,T2_moderate,20,14,2,7,3,"image×5, link/board×1, ZIP×1",~$65 est.
AO-21,Creative Business Headshot,"Creative Business Headshot — Studio Retouch, Color Grade & Brand-Profile Asset Pipeline","Take the client's raw studio headshot frame and brand monogram and produce a retouched, color-graded, creatively recomposed professional-profile headshot set (color + monochrome + 16:9 dynamic + LinkedIn 1:1 + banner crops) plus a clean vector logomark, all delivered in one folder.",Photo & Image,T2_moderate,20,16,2,6,3,"image×4, vector(SVG)×1, data/file×1",~$60 est.
AO-22,Production-finish a modern vibrant abstract logo,"Production-finish a modern vibrant abstract logo: clean, color-tune, vectorize, and ship full-colour + single-colour + print variants with a style note","Take my approved raster abstract logo concept and produce the full hand-off package — cleaned and brightened full-colour vector master (AI/SVG), a single-colour version, a single-colour print/screen variant, a wide social-header lockup, high-res PNG/JPEG exports, and a style note with hex/RGB values and recommended typography.",Vector & Print,T1_simple,15,15,2,8,3,"image×6, vector(SVG)×1, data/file×1",~$50 est.
AO-23,"Teaser, Thumbnail and End-Card Content Package for…","Teaser, Thumbnail and End-Card Content Package for a Luxury Manhattan Real-Estate YouTube Channel","Produce the full per-video content package for one luxury Manhattan real-estate YouTube video — a retouched high-contrast thumbnail base plate, a cinematic cold-open teaser cut (YouTube + LinkedIn sizes), and a branded end card — all from the broker's supplied portrait, penthouse still, raw walkthrough footage, end-card backplate, and wordmark logo.",Photo & Image,T1_simple,16,15,5,6,3,"video×3, image×2, vector(SVG)×1",~$55 est.
AO-24,Open House Finance Flyer,"Open House Finance Flyer: property-photo retouch, brass/gold brand look, logo vectorize, and InDesign price-scenario data-merge for a Solano County mortgage lender","Prep and grade the hero property photo and lender headshot into a black + brass/gold luxury look, vectorize the lender wordmark, then export the authored InDesign Open House Finance flyer (front/back) and data-merge the monthly-payment / down-payment / appreciation scenarios from a CSV into print-ready pages.",Photo & Image,T3_complex,24,14,5,8,4,"image×4, PDF×2, vector(SVG)×1, data/file×1",~$65 est.
AO-25,"Premium, consistent HDR grade for a Caribbean…","Premium, consistent HDR grade for a Caribbean vacation-rental villa listing set (interior + pool + sea/sky), delivered as web-ready JPEGs plus a client review board","Take a property's three raw Nodalview-HDR exports (luxury interior, pool deck, sea/sky terrace) and finish them into a consistent, natural, premium listing set — level horizons, balance exposure/white-balance, gently enhance pool water, sea color, sky and vegetation, brighten interiors and balance the bright window view, then deliver matched 2048px web JPEGs plus a 16:9 hero and a client review board.",Photo & Image,T2_moderate,23,13,3,5,2,"image×4, link/board×1",~$65 est.
AO-26,High-Volume Real Estate Listing Retouch,"High-Volume Real Estate Listing Retouch — HDR Tone-Map, Window Pull, Lawn Boost & Consistent-Style Delivery","Edit one real-estate listing's frames into MLS-ready, consistently styled images: tone-map the wide-DR exterior (window pull), enhance the sky, pop the lawn, straighten and crop, then lock that look as a preset and push it across the interior frames for a uniform property set.",Photo & Image,T1_simple,21,13,3,4,2,"image×3, data/file×1",~$60 est.
AO-27,Streetline-style real-estate interior edit,"Streetline-style real-estate interior edit: straighten, HDR-look tone, white balance, window pull, outlet clean-up","Edit a Dutch real-estate interior to a bright, clean, realistic Streetline-style finish — straighten verticals, recover an HDR-look exposure, fix white balance, pull the blown-out window view back, neutralize one distracting wall outlet, and deliver a high-res JPG.",Photo & Image,T1_simple,19,15,2,2,1,image×2,~$55 est.
AO-29,Continental 2026 Cup Stars Poster,"Continental 2026 Cup Stars Poster — Cinematic Grade, Flag-Colour Accents & Print/Web Master Delivery","Take the client's supplied composited Continental-stars hero plate (three fictional star strikers — Solano, Ferraz and Rocher — plus the trophy already arranged) plus a flag-pattern swatch, and finish it into a cinematic, high-contrast, signature-colour-accented A2 300-dpi print master plus social-media versions using only Adobe connector tools.",Photo & Image,T3_complex,23,18,3,6,4,"image×3, vector(SVG)×1, PDF×1, data/file×1",~$65 est.
AO-30,Daily Promo Spot,"Daily Promo Spot — Color-Graded Key Frames, Thumbnail Pack & Sizzle Reel","Take today's exported promo key frames, apply one consistent lively color grade across the frames, build a YouTube thumbnail from the hero shot, generate a sizzle cut and a content summary, and drop the finished, organized package back in the daily folder — same day.",Photo & Image,T2_moderate,19,15,6,5,3,"image×2, data/file×2, video×1",~$65 est.
AO-31,Daily-vlog brand kit,"Daily-vlog brand kit: color-graded thumbnails, end-screen + lower-third plates, story-format still, and reframed clip","Build the recurring per-episode still brand kit for a daily-life vlog — color-grade the supplied frame-grab and shot stills to one consistent ""personal, upbeat"" look, produce a subject-pop YouTube thumbnail plus a 9:16 story-format still, vectorize the channel wordmark into clean lower-third and end-screen plates, gather it all on a Firefly board, and ship a same-length 9:16 social reframe of one supplied clip.",Photo & Image,T2_moderate,17,14,4,7,4,"image×4, vector(SVG)×1, video×1, link/board×1",~$55 est.
AO-32,Modern House Listing Photography,Modern House Listing Photography — Post-Production Color Grade & Listing Export,"Edit the client's three supplied room frames (living room, kitchen, bedroom) into clean, modern, naturally-lit real-estate listing photos with straight verticals and corrected color, then export each in web-optimized JPEG (<2 MB) and full-resolution TIFF for Airbnb/Zillow.",Photo & Image,T3_complex,28,13,3,7,2,"image×6, data/file×1",~$75 est.
AO-34,Informative explainer video,"Informative explainer video: brand-graded sizzle cut, vertical reframe, and on-brand lower-third / call-out graphic plates","Turn my raw informative-explainer footage, brand logo, and color-reference still into a polished short cut: build a brand-locked color look plus a graded end-card, and produce on-brand lower-third, call-out, and vectorized-logo graphic plates — then deliver a 1080p sizzle and a vertical reframe, all assets organised on a board for the Premiere project.",Photo & Image,T4_expert,24,20,4,8,4,"image×4, video×2, vector(SVG)×1, data/file×1",~$70 est.
AO-35,Restore a 1910 magician-troupe postcard,"Restore a 1910 magician-troupe postcard: clarify the dark front photo and make the handwritten back legible, delivered as two book/social-ready files","Digitize and restore one 1910 magician-troupe postcard — clarify and lighten the dark sepia front photo and sharpen the contrast of the handwritten back so the description is legible — and deliver each side as its own clean, deskewed, print-and-social-ready file.",Photo & Image,T1_simple,18,14,2,3,2,"image×2, data/file×1",~$55 est.
AO-37,"Restore Three Faded, Scratched Family Photo Scans…","Restore Three Faded, Scratched Family Photo Scans for A4 Wall Prints","Restore three damaged old photo scans — correct color fading, conceal scratches/tears over plain areas, and maximize clarity — then output each as a print-ready A4 (2480x3508 px, 300 DPI) file.",Photo & Image,T1_simple,20,14,3,4,2,"image×3, link/board×1",~$65 est.
AO-38,Logo + Four Challenge-Coin Marks,Logo + Four Challenge-Coin Marks: Concept Rasters to Coin-Ready Vector Artwork with Black/White/Gold/Silver Variants,"Turn the client's five supplied concept rasters (one logo + four challenge-coin references) into clean, coin-ready vector marks, each delivered as transparent-PNG and SVG in black, white, gold, and silver.",Photo & Image,T2_moderate,19,14,5,8,4,"image×4, vector(SVG)×2, link/board×1, data/file×1",~$65 est.
AO-39,"Apparel Shirt Isolation, Background Cleanup and…","Apparel Shirt Isolation, Background Cleanup and Marketplace-Ready E-commerce Set","Turn a messy worn-shirt hero photo plus a flat-lay reference shirt into a clean, colour-true, marketplace-ready apparel product set (cleaned studio backdrop, isolated transparent packshot, vectorized logo, square + catalog crops).",Photo & Image,T2_moderate,21,15,3,5,3,"image×3, vector(SVG)×1, ZIP×1",~$60 est.
AO-41,Batch-clean and productize the Maple Ridge Home…,Batch-clean and productize the Maple Ridge Home Services logo concepts into a scalable transparent/one-color/badge/vector brand-asset set,"Take the client's three raster logo-concept renders and turn them into a clean, scalable brand-asset set: background-removed transparent masters, a color-corrected primary, a one-color (single-ink) version, a circular badge crop, and a vectorized SVG — all assembled on a Firefly board for sign-off.",Photo & Image,T1_simple,16,13,3,6,3,"image×4, vector(SVG)×1, data/file×1",~$50 est.
AO-42,OVERDRIVE merch-brand logo finishing,"OVERDRIVE merch-brand logo finishing: variant set, transparent PNGs, SVG vector source, palette + font kit, usage board","Take the client's supplied OVERDRIVE raster logo lockup and productionize it into the full merch brand-kit deliverable set — transparent primary/stacked/icon/avatar PNGs, social-PFP crop, black/white/mono variants, a clean SVG vector source, an extracted palette reference, font recommendations, and a usage moodboard — chaining every step in Adobe.",Photo & Image,T2_moderate,19,12,2,11,5,"image×7, vector(SVG)×1, link/board×1, ZIP×1, data/file×1",~$65 est.
AO-45,Logo Vectorization + Brand Identity Kit,Logo Vectorization + Brand Identity Kit — HaulAway (junk removal / vehicle-wrap-ready),"Vectorize and clean up HaulAway's existing raster logo to print-ready quality, then build the full set of brand variations (master vector, horizontal, stacked, icon-only HA mark, one-color knockouts, a lime-on-black trailer-wrap hero) plus a font + color-usage reference and a presentation board — all wrap/shirt/print ready.",Vector & Print,T2_moderate,19,16,1,9,3,"image×5, vector(SVG)×2, data/file×2",~$65 est.
AO-46,"Recreate a Sports Jersey Font (A–Z, 0–9) as Clean…","Recreate a Sports Jersey Font (A–Z, 0–9) as Clean Vector SVG / EPS / AI from a Reference Image","Turn two photographed jersey-font reference sheets (letters A–Z and numbers 0–9) into clean, print-ready vector artwork and deliver SVG + EPS + AI for both sets.",Vector & Print,T2_moderate,24,14,5,6,2,"vector(SVG)×5, ZIP×1",~$65 est.
AO-47,Redraw Swimming-Pool Photos into Clean Web-Ready…,Redraw Swimming-Pool Photos into Clean Web-Ready Vector Graphics,"Turn three supplied swimming-pool photos into clean, detailed, flat-color vector graphics (SVG + flat-white-background web PNG) on a uniform canvas, packaged and shown on a moodboard for the client's website.",Vector & Print,T4_expert,34,16,3,5,3,"vector(SVG)×3, image×1, data/file×1",~$85 est.
AO-48,Convert an AI-Generated Logo into a Clean…,"Convert an AI-Generated Logo into a Clean, Multi-Platform Vector Kit","Take the client's AI-generated raster logo, clean and de-skew it, isolate the mark on transparency, trace it into a crisp scalable SVG, and derive a full multi-platform vector + raster export kit that stays high-quality at every size and format.",Vector & Print,T2_moderate,20,17,1,9,3,"image×5, vector(SVG)×2, data/file×2",~$65 est.
AO-49,Evergreen Cannabis Apparel Capsule,Evergreen Cannabis Apparel Capsule — Screen-Print Separation & Vector Production Package,"Turn the client's hand-painted hero graphic and brand logo into a production-ready, screen-print-separable vector + halftone package locked to the Evergreen purple/black/pink palette, plus an exported tech-pack mockup, bundled for the decorator.",Vector & Print,T2_moderate,21,15,3,5,4,"vector(SVG)×2, image×1, PDF×1, ZIP×1",~$75 est.
AO-51,Vanguard Athletic Logo,"Vanguard Athletic Logo — Spot-Color Separation, Vectorization & Multi-Format Screen-Print Package","Refine my ChatGPT-made ""Vanguard"" athletic badge into clean, separated spot-color screen-print artwork (olive drab / khaki / black / dark grey + digital camo), vectorize it, and deliver it in multiple file formats with spot-color info.",Vector & Print,T3_complex,25,15,3,7,4,"vector(SVG)×3, image×2, PDF×1, data/file×1",~$70 est.
AO-52,20th-Anniversary folk-art poster screen-print…,"20th-Anniversary folk-art poster screen-print separation pack — approved master vectorized, white underbase + 4 spot-colour halftone plates with dot-gain choke, a grain-textured proof, the authored registration sheet rendered out of Illustrator, and a campus-reference Firefly board","From the approved folk-art 20th-Anniversary master, produce a print-ready 5-screen separation pack (white underbase + four spot-colour halftone plates with a dot-gain choke), a vectorized hard-edge lettering/line plate, a grain-textured client proof, the registration/separation sheet rendered out of the supplied Illustrator template (PDF, PNG and SVG as three separate render passes), and a Firefly board of the campus reference photos for the screen printer.",Vector & Print,T4_expert,22,17,6,11,4,"image×7, vector(SVG)×2, PDF×1, link/board×1",~$65 est.
AO-54,LaneLoom,"LaneLoom — Branded Top-Down Traffic Shorts: Reusable Asset Kit, Color-Graded Frames, Vertical Cover + Reel Prep","Build the LaneLoom branded source-asset kit for the top-down traffic shorts: vectorize reusable road/vehicle/arrow icons to clean SVG, apply one consistent color grade across the reference frames, reframe the graded junction frame to a 9:16 vertical cover/end-card and produce a stock-backed road texture, then reframe the rough preview clip to vertical — all chained so the deliverable kit emerges from the supplied plates.",Video & Motion,T2_moderate,16,16,5,6,4,"image×3, vector(SVG)×1, video×1, link/board×1",~$60 est.
AO-55,Multi-Channel Meal-Prep Ad Package,Multi-Channel Meal-Prep Ad Package: Product-Showcase Video + Social Cutdowns + Retouched Hero Still + Vectorized Merch Logo,"From the client's raw chicken-bowl hero photo, raw 4K product-showcase footage, and flat logo PNG, produce a retouched website-banner hero still, a vertical + square + landscape cutdown set of the product-showcase video plus an AI sizzle cut, a screen-print-ready vector logo, and a moodboard of the package.",Video & Motion,T3_complex,23,15,3,9,4,"video×4, image×2, data/file×2, vector(SVG)×1",~$70 est.
AO-56,Comedy Gameplay YouTube Edit,"Comedy Gameplay YouTube Edit: Sizzle Cut, Reframed Shorts Variant, Meme Cutaway Graphics + Clickbait Thumbnail","Turn raw comedy gameplay footage plus client notes and custom graphics into a punchy 1080p H.264 YouTube cut with a vertical Shorts variant, polished meme/text-callout overlay graphics, and a clickbait thumbnail PNG — all organized into one reusable project package.",Video & Motion,T1_simple,15,14,4,7,4,"image×2, vector(SVG)×2, video×2, data/file×1",~$55 est.
AO-57,Phonk-Energy 9:16 Reel/TikTok Edit Package,"Phonk-Energy 9:16 Reel/TikTok Edit Package — Sizzle Cut, Reframe, Captions, and Scroll-Stopping Thumbnail","Turn one batch of raw vertical clips plus a hero still, brand logo, and a caption script into a post-ready 9:16 phonk-energy short: an AI sizzle cut reframed to 1080x1920, an on-screen caption sheet, and a fully color-graded exported thumbnail with a vector logo lockup.",Video & Motion,T3_complex,27,17,6,3,3,"image×1, video×1, data/file×1",~$80 est.
AO-58,Repeatable Adobe pipeline turning one raw exercise…,"Repeatable Adobe pipeline turning one raw exercise clip into a branded vertical coaching reel (scene summary, watermark, muscle-group callout, vertical cut)","Run our repeatable exercise-reel pipeline on one raw 'Goblet Squat' clip: summarize the clip into a scene/movement breakdown for metadata and naming, build the reusable white-watermark and branded muscle-group arrow overlays, reframe to vertical, cut a 30s reference reel, and file everything under our naming convention.",Video & Motion,T1_simple,14,12,4,6,4,"video×2, data/file×2, image×1, vector(SVG)×1",~$50 est.
AO-60,Packaging-Portfolio Sizzle Reel,"Packaging-Portfolio Sizzle Reel: Grade the Stills, Cut the Hero Video","Take my mixed-lighting packaging photos, color-grade them into one cohesive polished hero set, then assemble a fast-paced 16:9 website sizzle reel plus a square social cut and a moodboard.",Video & Motion,T2_moderate,18,16,7,6,3,"image×3, video×2, data/file×1",~$55 est.
AO-61,Fun YouTube Podcast,Fun YouTube Podcast: reframed 1080p sizzle cut and a branded graphics kit (lower-third + end-screen + vector logo),"Turn the raw podcast footage into a reframed 1080p YouTube master plus a cold-open sizzle and a fun branded graphics kit (vector logo + lower-third + end-screen as PNG-transparent/vector), delivered separately.",Video & Motion,T2_moderate,18,18,3,9,4,"image×3, data/file×3, video×2, vector(SVG)×1",~$60 est.
AO-62,Variable-Data Event Promo Catalog + Price-Tag Merge…,Variable-Data Event Promo Catalog + Price-Tag Merge (Overset-Safe Auto-Fit Template),"Run our variable-data merge into the auto-fit (shrink-to-fit) InDesign catalog template and the Illustrator price-tag template so long product names no longer overset, prepping the product hero art and licensed background first, and export print-ready PDFs.",Layout & Data,T2_moderate,18,16,6,6,4,"PDF×2, data/file×2, image×1, vector(SVG)×1",~$55 est.
AO-63,Maple Cricket League,"Maple Cricket League — a streetwear cricket league: vectorize the logo system, build the sublimation/screen-print kit artwork, and grade the brand photography into a production-ready package","Turn Maple Cricket League's already-designed raster logo sketches and brand photos into a production-ready package: clean vector marks, a halftone sublimation/screen-print kit treatment, cohesive streetwear color-grade, a cut-out product shot, a wide banner reframed from the graded hero, and an exported, packaged deliverable set.",Layout & Data,T2_moderate,18,15,5,7,4,"image×4, vector(SVG)×1, PDF×1, ZIP×1",~$55 est.
AO-64,Premium skincare packaging,"Premium skincare packaging: retouch hero shot, vectorize logo, render authored dieline + data-merge SKU labels, print-ready PDFs","Take Aurelia Botanics' supplied hero serum photo, logo, authored carton dieline (.ai) + label (.indd) and SKU data, and produce retouched/CMYK-graded imagery, a clean vector logo, data-merged print-ready label PDFs for all 3 SKUs, and high-res mockup assets.",Layout & Data,T3_complex,18,17,7,9,5,"image×4, PDF×2, vector(SVG)×1, link/board×1, data/file×1",~$60 est.
AO-67,Tamil Traditional Service-Promotion Large-Format…,Tamil Traditional Service-Promotion Large-Format Banner Set — Print-Prep & Source-File Production (6 sizes),"Take my supplied Tamil banner master files plus hero photography and brand logo, and produce the complete print-ready production package — graded hero image with print bleed, a clean vector logo, a traditional halftone texture motif, and CMYK 150-dpi PDF/JPEG exports of all six large-format banners — with editable source files alongside.",Layout & Data,T4_expert,28,16,5,10,4,"PDF×6, image×2, vector(SVG)×1, data/file×1",~$75 est.
AO-68,Roadside Coaching-Institute Banner,"Roadside Coaching-Institute Banner: brand-graded hero, vector icon set, halftone geometry + print-ready CMYK PDF export","Prepare every visual asset for the DYNAMIC SOLUTION CLASSES 10ft x 5ft roadside banner — brand-graded student hero, vector subject icons, brand-colour halftone geometry — and export the authored InDesign layout to a print-ready CMYK PDF for large-format flex printing.",Layout & Data,T2_moderate,18,16,4,7,4,"image×4, vector(SVG)×1, PDF×1, data/file×1",~$65 est.
AO-69,TitanSeal Sealants Launch,"TitanSeal Sealants Launch — Logo-System Extension, Swappable SKU Label/Carton Data-Merge, and Print-Ready + Digital Asset Package","Take the approved TitanSeal master logo plus the client's authored InDesign label .indd and Illustrator carton .ai mechanicals, derive the full logo-variant system, data-merge the three SKUs into swappable print-ready label/carton artwork, and output the print PDFs plus a correctly-sized digital-asset pack.",Layout & Data,T3_complex,22,14,5,12,4,"image×8, PDF×2, vector(SVG)×1, link/board×1",~$65 est.
AO-72,Modern Store Graphics Package,"Modern Store Graphics Package — Hero Banner, PDP Assets & Store Decoration","Turn the client's product hero shot, stock backdrop, brand palette, and two authored source templates into a cohesive modern-storefront graphics package: a desktop + mobile hero banner, clean PDP image frames and vector icon/divider assets, and tied-together decoration — delivered as layered source exports plus optimized JPG/PNG.",Photo & Image,T3_complex,24,18,6,8,4,"image×5, vector(SVG)×1, PDF×1, data/file×1",~$65 est.
AO-74,Crumb & Co. wholesale bakery catalog,Crumb & Co. wholesale bakery catalog: prep 12 product photos + InDesign catalog data-merge to a print-ready B2B PDF and hi-res JPEG,"Grade and consistently crop twelve raw bakery product photos, vectorize the Crumb & Co. wordmark, upload the prepped assets, then run the client's authored InDesign catalog template through a data-merge against the wholesale roster CSV to produce a print-ready B2B PDF and a high-resolution JPEG.",Layout & Data,T4_expert,45,11,4,4,3,"image×2, vector(SVG)×1, PDF×1",~$110 est.
AO-75,Northgate Dental Congress 2027,"Northgate Dental Congress 2027: delegate name-badge data-merge from roster CSV into authored InDesign template, print PDF + per-badge proof","Take our approved event wordmark, delegate roster CSV (~1,000 rows) and authored InDesign badge template, prep and vectorize the wordmark plus the four role QR marks, then run an InDesign data-merge to bind every delegate into a personalised name badge and export a print-ready imposed PDF plus a high-res proof.",Layout & Data,T1_simple,20,11,7,5,4,"image×2, vector(SVG)×1, PDF×1, data/file×1",$30
AO-76,Northlantic Insurance auto-insurance rate card,"Northlantic Insurance auto-insurance rate card: InDesign data-merge a supplied premium-tier CSV into the client's authored .indd, refresh the disclosure footer, and export a print-ready PDF + high-res JPEG","Run the client's authored InDesign rate-card template through an InDesign data-merge against a supplied auto-insurance premium-tier CSV, place the on-brand logo and licensed background texture, refresh the compliance disclosure footer, and export a press-ready PDF plus a high-resolution JPEG.",Layout & Data,T1_simple,15,11,5,5,4,"image×2, vector(SVG)×1, PDF×1, data/file×1",~$50 est.
AO-77,Willowfen Press KDP picture-book preflight,Willowfen Press KDP picture-book preflight: audit supplied interior + cover .indd/PDF against KDP print specs and emit a marked-up preflight report,"Audit Willowfen Press's supplied 32-page KDP picture-book interior .indd, its exported interior PDF, and the wraparound cover PDF against the KDP spec sheet — checking trim, bleed, margins, spine width, image resolution and caption overset — and emit a marked-up preflight report plus proof renders that says whether the files will pass KDP preflight.",Layout & Data,T1_simple,13,8,5,5,3,"PDF×3, image×1, data/file×1",$200
AO-78,Hearthstone Brew Co. café menu,Hearthstone Brew Co. café menu: food-photo prep + logo vectorize + InDesign data-merge to print-ready PDF & high-res JPEG,"Grade and consistently crop five raw café food/drink photos, vectorize the Hearthstone Brew Co. wordmark, license a warm kraft-paper texture, then run the client's authored InDesign café-menu template through a data-merge against the menu CSV to produce a print-ready PDF and a high-res JPEG.",Layout & Data,T4_expert,29,17,8,5,4,"image×2, vector(SVG)×1, PDF×1, data/file×1",$45/hr
AO-79,Marlow & Vane property flyer batch,"Marlow & Vane property flyer batch: grade listing photos, vectorize the agency crest, and InDesign data-merge a listings CSV into per-property print flyers (PDF + high-res JPEG)","Grade four raw property photos, vectorize the Marlow & Vane crest, source a subtle linen texture, then run the client's authored InDesign flyer template through a data-merge against a four-listing roster CSV to batch-produce a print-ready PDF and per-listing high-res JPEGs.",Layout & Data,T4_expert,29,17,7,5,4,"image×2, vector(SVG)×1, PDF×1, data/file×1",$100
AO-80,Lanternwood Folk Fest 2026 program booklet,Lanternwood Folk Fest 2026 program booklet: sponsor-logo prep + performer-photo grade + InDesign data-merge to press-ready PDF,"Prep the Lanternwood Folk Fest sponsor logos (vectorize / transparent-cut) and grade the performer press photos, source a kraft cover texture, then run the client's authored multi-page InDesign booklet template through two data-merge passes against the schedule and sponsor CSVs to produce a press-ready PDF and a screen-quality PDF program guide.",Layout & Data,T3_complex,26,16,9,5,4,"PDF×2, image×1, vector(SVG)×1, data/file×1",~$70 est.
AO-81,Nimbadesk SaaS product sell sheets,Nimbadesk SaaS product sell sheets: grade product screenshots + vectorize logo + InDesign data-merge one row per product tier into print PDFs + high-res JPEGs,"Clean up and on-brand-tint three raw product-UI screenshots, vectorize the Nimbadesk logo, then run the client's authored one-page sell-sheet InDesign template through a data-merge against a product-tier CSV to produce a print-ready PDF and a high-res JPEG per tier.",Layout & Data,T2_moderate,23,13,7,5,4,"image×2, vector(SVG)×1, PDF×1, data/file×1",~$65 est.
AO-82,Lumen Quarterly brand-consistency audit,Lumen Quarterly magazine issue: brand-guideline consistency audit of the laid-out pages against the supplied style guide (marked-up findings report),"Audit every page of the laid-out Lumen Quarterly issue proof against the supplied Lumen brand style guide and return a marked-up, page-referenced brand-consistency findings report listing each colour / logo / typography / imagery drift and the exact rule it breaks.",Layout & Data,T1_simple,10,6,4,3,2,"data/file×2, image×1",~$40 est.
AO-83,Halden Sleep mattress catalog pre-merge audit,"Halden Sleep mattress catalog pre-merge audit: validate SKU roster against the authored InDesign merge template, proof-render a sample spread, and emit a fix-list report","Audit Halden Sleep's mattress product roster CSV against the authored InDesign catalog merge template and the mandatory-spec checklist, run a proof data-merge of a sample spread to inspect for blank/overset frames, and emit a per-SKU validation findings report with a prioritized fix-list.",Layout & Data,T1_simple,14,10,16,4,3,"PDF×2, image×1, data/file×1",~$45 est.
AO-84,Verdafix industrial sealant labels,Verdafix industrial sealant labels: per-SKU/variant data-merge of a supplied InDesign label template to print-ready CMYK PDFs + hazard-panel photo prep,"Prep the supplied Verdafix product photos and hazard/barcode graphics, then run the client's authored InDesign master label template through a data-merge against a per-SKU/variant CSV to produce one print-ready CMYK-with-bleed PDF per label variant.",Layout & Data,T2_moderate,21,12,7,5,4,"vector(SVG)×2, image×1, PDF×1, data/file×1",~$60 est.
AO-85,Ironclad parts catalog pre-press audit,"Ironclad parts catalog pre-press audit: merge-proof render, spec-row extraction + CSV cross-check, overset/missing-field findings report","Render our authored InDesign parts-catalog template against the master parts CSV into a proof, then audit it page by page — read back every printed spec row, cross-check it against the source data, and hand back a flagged-pages findings note (each defective page keyed to its issue) plus a findings report calling out overset/clipped part numbers, blank spec cells, and section-count mismatches before we send ~100 pages to print.",Layout & Data,T1_simple,14,9,4,5,2,"data/file×4, PDF×1",~$45 est.
AO-86,Amberleaf Tea Studio,Amberleaf Tea Studio: vectorize two AI-generated tea-brand wordmarks + one ornamental crest into production-ready SVGs and derive a matching stand-up-pouch front-label base panel,"Clean and de-skew the client's three AI-generated tea-brand raster logos, trace them into crisp scalable SVG masters, derive one-color and halftone print variants of the crest, and produce a matching front-facing stand-up-pouch label base panel from the supplied pouch mockup.",Vector & Print,T3_complex,26,15,4,8,3,"vector(SVG)×4, image×2, data/file×2",~$70 est.
AO-87,Little Lighthouse charity tee,Little Lighthouse charity tee: rebuild two raster concept mockups into clean 3-spot-color screen-print separations (front chest + full back) as print-ready vector,"Rebuild the client's two flat raster tee concepts (front chest + full back) into clean, production-ready screen-print separations: isolate each of the 3 approved brand spot colors and force it to its exact PANTONE hex as a solid flat plate, vectorize every color layer, and export per-color separation vectors plus a combined proof PDF.",Vector & Print,T4_expert,36,10,4,10,3,"vector(SVG)×8, PDF×1, data/file×1",$5–$17/hr
AO-88,Ridgeline Rovers FC crest,"Ridgeline Rovers FC crest: clean up a phone-shot patch photo, vectorize the emblem, and build a factory-ready embroidery/patch vector package","Clean up the club's phone photo of a stitched sample crest, vectorize the emblem into razor-sharp scalable art at 3-6 inch patch size, reduce it to flat spot-color separations, and hand back a factory-ready SVG plus exported vector masters and a stitch-color reference gathered into a shared review folder.",Vector & Print,T3_complex,27,17,2,7,3,"vector(SVG)×3, image×2, data/file×2",~$75 est.
AO-89,LUMIÈRE MÉNAGE monochrome beauty brand mark,"LUMIÈRE MÉNAGE monochrome beauty brand mark: vectorize the supplied concept + build the full reversible variant system (master SVG, avatar, stacked lockup, one-color/mono-tint knockouts, print PNGs) with a font recommendation, palette recipe, and usage board","Clean and vectorize LUMIÈRE MÉNAGE's supplied flat monochrome logo concept into an editable SVG master, then assemble the full reversible variant system — black-on-white master, white-on-dark knockout, avatar/PFP crop, stacked lockup, one-color black print PNG, a mono-tint alt, a monochrome palette recipe, a font recommendation, and a usage board — all scalable from avatar to signage.",Vector & Print,T2_moderate,17,13,1,9,3,"image×5, data/file×3, vector(SVG)×1",$25
AO-90,Apexguard Auto Film,Apexguard Auto Film: vectorize the AI-drafted master + two sub-brand marks into production SVGs and assemble a multi-size die-cut vinyl decal sheet on the supplied cut-line template,"Clean and de-skew Apexguard's three AI-drafted PPF/tint logo rasters, trace them into crisp production SVG masters, derive one-color knockouts for vinyl weeding, then assemble a multi-size die-cut vinyl decal/sticker sheet by binding the vector marks and the approved-sizes CSV into the client's authored cut-line template and exporting a press-ready PDF + SVG.",Vector & Print,T4_expert,30,15,5,9,4,"vector(SVG)×5, data/file×2, image×1, PDF×1",$500
AO-91,Maison Valcere jewelry house,Maison Valcere jewelry house: vector & print-readiness audit of the supplied luxury wordmark pack against the brand guideline and press spec (marked-up findings report),"Audit the supplied Maison Valcere luxury wordmark pack (master SVG + raster export) against the brand guideline and the press/foil spec, and return a marked-up, region-referenced vector & print-readiness findings report listing every hairline-stroke, line-weight, palette, kerning and non-print-ready-path defect and the exact rule it breaks.",Vector & Print,T1_simple,16,9,4,3,3,"image×1, PDF×1, data/file×1",~$50 est.
AO-92,Wandergrain Supply screen-print pre-flight,"Wandergrain Supply screen-print pre-flight: audit 4 supplied traveller tee vectors for separation-readiness, registration & spot-color count, emit a marked-up seps report + print-shop go/no-go note","Pre-flight four supplied traveller-themed t-shirt vector graphics for screen-print separation readiness -- verify transparent backgrounds, count distinct spot colors per design, check for registration marks and thin-line survivability, vectorize/inspect to flag raster contamination -- and emit a marked-up per-design seps audit report with a go/no-go recommendation for the exposure room.",Vector & Print,T1_simple,20,10,5,4,3,"image×2, vector(SVG)×1, data/file×1",$15–$35/hr
AO-93,Torqex Industrial nameplate logo pack,"Torqex Industrial nameplate logo pack: print-readiness preflight audit of the supplied vector artwork (open paths, RGB, un-outlined text, stray points) into a marked-up findings report","Preflight-audit the supplied Torqex vector logo pack (.ai/.eps master, SVG, PDF, plus one-colour and reverse variants) against the manufacturer's nameplate print spec and return a marked-up, file-and-region-referenced findings report listing every open path, RGB colour, un-outlined text run, stray point, hairline stroke and background/bleed defect with the exact rule it breaks and a severity.",Vector & Print,T1_simple,16,9,7,3,3,"image×1, PDF×1, data/file×1",~$50 est.
AO-94,Vitalé wellness Reel: cut a captured talking-head…,"Vitalé wellness Reel: cut a captured talking-head into platform-ready 9:16 Reel, 9:16 Short and 1:1 feed cuts — quick-cut highlight, multi-platform resize","Take Vitalé Labs' raw single-take wellness talking-head, auto-cut it into a punchy highlight sizzle at a target duration, then export platform-ready 9:16 Reel, 9:16 Short and 1:1 feed versions plus a hook-and-hashtag post-caption note.",Video & Motion,T1_simple,12,7,3,5,2,"video×4, data/file×1",~$50 est.
AO-95,Voltcast tech-channel delivery QC,Voltcast tech-channel delivery QC: audit the outsourced editor's YouTube master + vertical cut against the channel delivery-spec sheet (timecode-referenced video findings report),"Audit the outsourced editor's Voltcast episode deliverables -- the 16:9 YouTube master and the 9:16 vertical cut -- against the channel's written delivery-spec sheet, and return a timestamp-referenced QC findings report (as a report PDF plus structured JSON) listing every spec drift: duration, resolution/fps, missing intro/outro, unsafe-margin overlays and off-brand text.",Video & Motion,T1_simple,13,7,4,3,3,"image×1, PDF×1, data/file×1",~$45 est.
AO-96,SentinelMesh AI cybersecurity SaaS product video,SentinelMesh AI cybersecurity SaaS product video: brand-graded demo cut with 30s promo + 15s teaser cutdowns and on-brand callout / end-card graphic plates,"Turn SentinelMesh's raw screen recordings, product b-roll, logo, and brand color reference into a polished 90-120s AI-cybersecurity SaaS demo cut plus a 30s promo cutdown and 15s teaser (with a vertical social reframe), and build on-brand lower-third / call-out / graded end-card graphic plates and a vector logo — all packaged onto a Firefly board for the Premiere handoff.",Video & Motion,T3_complex,20,16,7,10,4,"image×4, video×4, vector(SVG)×1, data/file×1",$900
AO-97,Pulsevault club-night recap,"Pulsevault club-night recap: assemble a 30s high-energy sizzle reel from supplied raw footage, graded cover frame + vector logo lockup","Take our raw club-night phone clips plus a hero cover still and venue logo, and assemble a post-ready 30-second high-energy recap: an AI sizzle cut reframed to 1080x1920, an event-info caption sheet, and a fully color-graded cover frame with a crisp vector logo lockup.",Video & Motion,T3_complex,28,18,6,5,4,"data/file×2, image×1, vector(SVG)×1, video×1",~$80 est.
AO-98,Velvet Hour Sessions live-set footage review,"Velvet Hour Sessions live-set footage review: multi-clip raw-concert audit, best-take selection + unusable-clip cull, delivered as a shot-selection log with a flagged-frame contact-sheet PDF","Review every raw concert clip from the Velvet Hour Sessions multi-cam shoot, judge keepers vs unusable takes, and deliver a structured shot-selection log (per-clip verdict, reason, best usable stretch, usability rating, coverage tag) plus a contact-sheet PDF of the flagged best-take frames.",Video & Motion,T1_simple,13,9,14,3,2,"PDF×2, data/file×1",$25
AO-99,Lunara Silver Reel repurpose pack,"Lunara Silver Reel repurpose pack: reframe one product-showcase clip to 9:16 / 1:1 / 16:9, AI sizzle cutdown, caption sheet + vectorized wordmark end-card asset","Take Lunara Silver's one raw vertical pendant-showcase clip, product hero still, and flat wordmark PNG, and repurpose them into a platform pack: 9:16 / 1:1 / 16:9 reframes of the clip (same runtime), an AI sizzle cutdown for the Meta ad, a caption/scheduling sheet, and a graded end-card still with a vectorized wordmark.",Video & Motion,T3_complex,22,16,3,8,4,"video×4, data/file×2, image×1, vector(SVG)×1",~$70 est.
AO-104,Northwind Advisory corporate headshots,Northwind Advisory corporate headshots: batch retouch + grade a 3-frame studio session into LinkedIn/website/print deliverables with clean black-and-white alternates,"Batch-retouch and colour-grade three raw studio headshot frames of one Northwind executive into a consistent set of fully-finished colour portraits, then produce clean black-and-white alternates and the LinkedIn / website / print-ready crops, delivered in one review folder.",Photo & Image,T4_expert,43,13,4,19,2,"image×18, data/file×1",~$105 est.
AO-105,Nocturne Sessions duotone gig poster,Nocturne Sessions duotone gig poster: two-tone artist-photo FX + wordmark vectorize + InDesign template merge to print PDF/JPEG,"Give the raw band press photo a bold two-tone (duotone) FX treatment, vectorize the supplied Nocturne Sessions wordmark, then run the client's authored InDesign gig-poster template through a data-merge against the event-copy CSV to export a print-ready PDF and a high-res JPEG.",Photo & Image,T1_simple,16,15,5,5,4,"image×2, vector(SVG)×1, PDF×1, data/file×1",$25
AO-106,Nordheim Atelier FW26 editorial poster series,Nordheim Atelier FW26 editorial poster series: duotone/halftone grayscale-cutout treatment of four runway looks into print-ready posters,"Cut four raw runway looks off their backgrounds, drive each to a consistent grayscale duotone/halftone editorial treatment with grain and a signature yellow accent, vectorize the wordmark, and run the client's authored InDesign poster template through a data-merge to produce four print-ready poster PDFs and high-res JPEGs.",Photo & Image,T4_expert,40,15,7,5,4,"image×2, vector(SVG)×1, PDF×1, data/file×1",$500
AO-107,Deli & Dough Uber Eats hero banner,"Deli & Dough Uber Eats hero banner: grade + cut out four supplied deli shots, source a butcher-paper backdrop, vectorize the wordmark, and bind into an authored 2880x2304 banner template for print-ready export","Grade four raw deli photos to one cohesive gritty-warm look, cut the hero sandwich onto transparency, source a butcher-paper backdrop, vectorize the Deli & Dough wordmark, and bind all the prepped parts into the client's authored 2880x2304 Illustrator banner template to export a print-ready Uber Eats hero banner.",Photo & Image,T4_expert,29,16,8,5,3,"image×3, vector(SVG)×1, data/file×1",$20–$40/hr
AO-109,Kantyna Nova website photo grade,Kantyna Nova website photo grade: batch-retouch 8 raw restaurant food photos to a cohesive premium look + desktop/mobile crops,"Batch-retouch eight raw restaurant food photos to one cohesive premium color grade, straightened and cleaned up, then deliver desktop (16:9) and mobile (4:5) crops of each plus a review board for owner sign-off.",Photo & Image,T4_expert,39,15,9,5,2,"data/file×3, image×2",~$95 est.
AO-110,Summit & Sable eCommerce catalog,Summit & Sable eCommerce catalog: batch color-grade six product shots to house look + recolor hardware/label accents without reshoot,"Batch color-grade six existing Summit & Sable product photos to one consistent house look, then non-destructively recolor the recovery-strap hardware and label accents on two hero shots — keeping lighting, shadow and texture natural — and export web-ready catalog images plus a review board.",Photo & Image,T3_complex,33,11,7,4,2,"image×3, data/file×1",$8–$45/hr
AO-111,"Restore a Faded, Scratched Family Keepsake Photo to…","Restore a Faded, Scratched Family Keepsake Photo to a Framed A4 Print","Restore one treasured, faded and scratched 1970s family keepsake scan -- correct the color cast and faded contrast, recover clarity/detail, conceal scratches over the plain backdrop -- and deliver a framed-A4 print-ready file with a before/after approval board.",Photo & Image,T1_simple,17,17,1,2,2,"image×1, link/board×1",~$55 est.
AO-112,SlabVault graded-card Shopify batch,"SlabVault graded-card Shopify batch: background removal onto clean white, straighten, center, and 2048x2048 export","Cut six iPhone-shot graded trading-card / hobby-box photos out of their cluttered backgrounds, straighten and tone them, place each on a clean pure-white background, and export a consistent 2048x2048 square set (plus transparent PNG cutouts) named to match the store's Shopify product handles.",Photo & Image,T4_expert,37,10,7,4,2,"image×2, data/file×2",$5–$50/hr
AO-113,Loomhearth flat-lay apparel,Loomhearth flat-lay apparel: batch background cut-outs + consistent mid-gray marketplace pack,"Take six already-shot raw overhead flat-lay apparel photos, straighten and color-true each, cut every garment cleanly off its cluttered surface, place them all onto one consistent flat mid-gray backdrop, and export a high-res + web-ready square marketplace pack.",Photo & Image,T4_expert,49,13,6,4,2,"image×3, data/file×1",~$115 est.
AO-114,"Lumora ""Dewdrop"" lip-oil color-variant set","Lumora ""Dewdrop"" lip-oil color-variant set: cut out on white, recolor one hero shot into 8 shade variants + spec sheet","Clean up and cut out one raw phone shot of the Dewdrop lip-oil bottle onto a white e-commerce background, then recolor the translucent oil into 8 on-brand shade variants while keeping the metallic collar, cap, and lighting/shadow identical across all of them, and emit a variant spec sheet.",Photo & Image,T2_moderate,23,15,3,3,2,"image×2, PDF×1",~$65 est.
AO-115,Rukmini Silverworks 925 jewelry catalog,Rukmini Silverworks 925 jewelry catalog: batch isolate-on-pure-white with metal grade + consistent 3000px square e-com crops (transparent PNG + white-BG JPEG per SKU),"Batch-process six raw 925-silver SKU photos into consistent, cast-free, pure-#FFFFFF e-commerce images — isolate each piece, grade the metal so it reads crisp, and deliver a transparent PNG plus a 3000x3000 white-background JPEG per SKU.",Photo & Image,T4_expert,47,15,7,4,2,"image×2, data/file×2",~$115 est.
AO-116,Umbra Loft noir concert-series poster art,Umbra Loft noir concert-series poster art: three archival live shots driven to a matched two-tone amber/ink duotone + halftone treatment for print and social,"Take three flat archival live-performance photos and drive all three to a matched noir two-tone (amber-highlight / deep-ink-shadow) duotone treatment with halftone texture and film grain, then deliver each as a print-ready poster-ratio image and a square social crop plus a packaged set and a review board.",Photo & Image,T3_complex,36,12,4,4,3,"image×2, ZIP×1, data/file×1",~$90 est.
AO-117,Marisol Cove boutique-hotel homepage hero,"Marisol Cove boutique-hotel homepage hero: license widescreen stock, crop desktop + mobile banners, grade to warm coastal look, place vectorized logo, InDesign export to web JPEG/PNG + print PDF","License a large widescreen coastal stock photo, crop it into desktop and mobile homepage hero frames, grade both to a warm coastal look, place the client's vectorized Marisol Cove logo, and export web-ready JPEG/PNG banners plus a print-ready PDF proof from the client's authored InDesign banner template.",Photo & Image,T2_moderate,18,15,3,6,4,"image×3, vector(SVG)×1, PDF×1, data/file×1",$15
AO-118,Fizzwild kombucha website hero + banner set,"Fizzwild kombucha website hero + banner set: license oversized stock beverage shots, reframe to exact hero/header/CTA/banner sizes, grade to one cohesive family, deliver web-ready pack + style reference","License oversized beverage/lifestyle stock photos, reframe them DOWN to Fizzwild's desktop-hero / mobile-hero / section-header / CTA-card / promo-banner slots at exact pixel sizes, grade them into one cohesive vibrant family, vectorize and cut out the supplied wordmark, and deliver a web-ready pack plus a style reference so future assets stay consistent.",Photo & Image,T3_complex,29,12,3,10,4,"image×6, data/file×2, vector(SVG)×1, ZIP×1",~$75 est.
AO-119,Harbor Crest Realty website visual refresh,"Harbor Crest Realty website visual refresh: license one large Adobe Stock architecture hero, brand-grade it, crop/reframe into desktop + tablet + mobile heroes, section headers and banner ads, and vectorize the logo for placement","License one large Adobe Stock architecture photograph, brand-grade it to the Harbor Crest palette, then crop/reframe that single graded master into a desktop hero, tablet hero, mobile hero, two section-header strips, and two promo banner sizes, vectorize the client logo, and package the cohesive web-ready set with a font recommendation and a review board.",Photo & Image,T3_complex,22,16,4,11,3,"image×8, data/file×2, vector(SVG)×1",~$65 est.
AO-120,NOURA daily-greens DTC paid-social video ad package,"NOURA daily-greens DTC paid-social video ad package: UGC talking-head mashup cut with multi-hook variants, 9:16 / 1:1 / 16:9 reframes, on-brand caption / callout graphic plates, and a graded scroll-stopper thumbnail","Turn NOURA's batch of raw UGC creator talking-head clips plus product b-roll, a flat wordmark, a thumbnail hero still, a brand color reference, and a hooks/captions brief into a paid-social ad package: an AI mashup master cut plus two tighter hook-variant reels, each reframed to 9:16 / 1:1 / 16:9 (same length), on-brand lower-third and callout graphic plates plus a vector logo, a fully graded scroll-stopper thumbnail, and a caption cue sheet — all copied into one handoff folder with a client share link.",Video & Motion,T4_expert,27,19,10,11,4,"image×4, video×4, data/file×2, vector(SVG)×1",~$75 est.
AO-121,Sable & Finch Realty listing tour,"Sable & Finch Realty listing tour: branded 16:9 master property walkthrough with 9:16 reel + 1:1 square cutdowns, color-match grade reference, YouTube thumbnail, and on-brand lower-third / end-card graphic plates","Turn Sable & Finch Realty's four raw handheld property-walkthrough / exterior clips, flat logo, warm brand look-reference, shot list, and listing copy into a branded listing tour package: a polished ~90s 16:9 master (sequenced best shots), a 9:16 reel and 1:1 square social cutdown, a graded color-match reference the editor matches every clip to, a 1280x720 YouTube thumbnail, a vector logo plus on-brand lower-third and end-card graphic plates and type spec, all packaged onto a Firefly board and into a dated CC handoff folder.",Video & Motion,T4_expert,33,23,8,12,4,"image×5, video×3, data/file×3, vector(SVG)×1",~$90 est.
AO-122,Ember & Oak wood-fired restaurant sizzle reel,"Ember & Oak wood-fired restaurant sizzle reel: warm-graded sizzle cut with 9:16 + 1:1 reframes, menu title-card / price-callout graphic plates, hero cover thumbnail, and an animated logo end-card","Turn Ember & Oak's four raw dish/kitchen b-roll clips, a flat plated-hero still, a flat logo, a menu-callout CSV and a brand brief into a fast, mouth-watering wood-fired sizzle reel — an AI sizzle-cut master plus 9:16 and 1:1 reframes, a warm-graded hero cover thumbnail, on-brand menu title-card / price-callout graphic plates, a vector logo and an animated logo end-card — all packaged into a Creative Cloud handoff folder with a client review link.",Video & Motion,T4_expert,34,26,8,9,4,"video×4, image×3, vector(SVG)×1, data/file×1",$10–$20/hr
AO-123,Meridian Academy online-course explainer edit,"Meridian Academy online-course explainer edit: assemble a talking-head lecture + slide / spreadsheet screencasts into a clean 16:9 lesson master, a 9:16 promo cut, a graded course thumbnail, and intro / lower-third / caption graphic plates","Turn Meridian Academy's raw Lesson 4 material — a talking-head lecture clip plus slide-deck and spreadsheet screencasts, a logo, a brand look-reference, a cut-list brief, and a captions sheet — into a clean 16:9 lesson master (filler trimmed, cut between presenter and slides via a real video_render timeline), a 9:16 promo highlight, a graded 1280x720 course thumbnail (grabbed from the master), and on-brand intro title-card / lower-third / key-point-caption graphic plates plus a vector logo, all packaged onto a Firefly board and into a dated CC handoff folder for the final NLE polish.",Video & Motion,T4_expert,29,20,7,11,4,"image×5, data/file×3, video×2, vector(SVG)×1",~$80 est.
