first_name,last_name,organization,role,certificate_number,track,completion_date,photo
Aisha,Khan,Quantum Leap Analytics,Senior Data Scientist,NAIS26-0001,Applied ML,14 March 2026,attendee_0001.jpg
Liam,O'Connell,Veridian Dynamics,ML Engineer,NAIS26-0002,AI in Production,15 March 2026,attendee_0002.jpg
Sofia,Chen,Aetherium Innovations,"Product Manager, AI",NAIS26-0003,Leadership,16 March 2026,attendee_0003.jpg
Mateo,Rodriguez,Pinnacle AI Solutions,Solutions Architect,NAIS26-0004,Foundations,14 March 2026,attendee_0004.jpg
Chloe,Dubois,Nebula Research Institute,AI Ethics Researcher,NAIS26-0005,Responsible AI,15 March 2026,attendee_0005.jpg
Kenji,Tanaka,Synergy Tech Group,VP Engineering,NAIS26-0006,Applied ML,16 March 2026,attendee_0006.jpg
Isabella,Rossi,Lumina Health AI,Biomedical AI Specialist,NAIS26-0007,AI in Production,14 March 2026,attendee_0007.jpg
David,Kim,Horizon Data Labs,Machine Learning Engineer,NAIS26-0008,Leadership,15 March 2026,attendee_0008.jpg
Priya,Sharma,Everest Innovations,Lead AI Strategist,NAIS26-0009,Foundations,16 March 2026,attendee_0009.jpg
Noah,Schmidt,Aurora Robotics,Robotics AI Developer,NAIS26-0010,Responsible AI,14 March 2026,attendee_0010.jpg
Olivia,Wang,Starlight AI Consulting,Principal Consultant,NAIS26-0011,Applied ML,15 March 2026,attendee_0011.jpg
Ethan,Jones,Phoenix Systems Group,"Software Engineer, AI",NAIS26-0012,AI in Production,16 March 2026,attendee_0012.jpg
Maya,Singh,Zenith University,"PhD Candidate, AI",NAIS26-0013,Leadership,14 March 2026,attendee_0013.jpg
Daniel,García,Catalyst AI Labs,Research Scientist,NAIS26-0014,Foundations,15 March 2026,attendee_0014.jpg
Lena,Müller,Ethos AI Collective,"Compliance Officer, AI",NAIS26-0015,Responsible AI,16 March 2026,attendee_0015.jpg
Hiroshi,Sato,Nexus AI Solutions,Head of Data Science,NAIS26-0016,Applied ML,14 March 2026,attendee_0016.jpg
Ava,Williams,Global Intelligence Corp,Director of AI Strategy,NAIS26-0017,AI in Production,15 March 2026,attendee_0017.jpg
Mohammed,Al-Farsi,Desert Bloom Innovations,AI Product Owner,NAIS26-0018,Leadership,16 March 2026,attendee_0018.jpg
Sophia,Lee,Echo AI Research,Junior ML Researcher,NAIS26-0019,Foundations,14 March 2026,attendee_0019.jpg
Lucas,Martinez,Evergreen Tech Group,AI Governance Specialist,NAIS26-0020,Responsible AI,15 March 2026,attendee_0020.jpg
Emily,Brown,Arcadia Analytics,Data Scientist,NAIS26-0021,Applied ML,16 March 2026,attendee_0021.jpg
Julian,Kowalski,Cybernetic Solutions,"DevOps Engineer, AI",NAIS26-0022,AI in Production,14 March 2026,attendee_0022.jpg
Grace,Taylor,Summit AI Ventures,Founder & CEO,NAIS26-0023,Leadership,15 March 2026,attendee_0023.jpg
Leo,Dubois,Frontier AI Labs,AI Research Engineer,NAIS26-0024,Foundations,16 March 2026,attendee_0024.jpg
Zara,Ahmed,Conscious AI Institute,Ethical AI Consultant,NAIS26-0025,Responsible AI,14 March 2026,attendee_0025.jpg
Samuel,Miller,Quantum Innovations,Senior ML Engineer,NAIS26-0026,Applied ML,15 March 2026,attendee_0026.jpg
Elena,Petrova,Orion Systems,Head of AI Operations,NAIS26-0027,AI in Production,16 March 2026,attendee_0027.jpg
Wei,Zhang,Celestial Tech Group,Chief AI Officer,NAIS26-0028,Leadership,14 March 2026,attendee_0028.jpg
Mia,Jensen,Nordic AI Academy,AI Educator,NAIS26-0029,Foundations,15 March 2026,attendee_0029.jpg
Gabriel,Silva,Harmony AI Solutions,AI Policy Analyst,NAIS26-0030,Responsible AI,16 March 2026,attendee_0030.jpg
Sophie,Martin,DeepMind Insights,Applied ML Scientist,NAIS26-0031,Applied ML,14 March 2026,attendee_0031.jpg
Arthur,Nguyen,Innovate AI Co.,AI Infrastructure Engineer,NAIS26-0032,AI in Production,15 March 2026,attendee_0032.jpg
Nora,Fischer,Global AI Alliance,Partnership Director,NAIS26-0033,Leadership,16 March 2026,attendee_0033.jpg
Ben,Carter,Data Stream Labs,Junior Data Analyst,NAIS26-0034,Foundations,14 March 2026,attendee_0034.jpg
Julia,Popov,Fairness AI Initiative,AI Auditor,NAIS26-0035,Responsible AI,15 March 2026,attendee_0035.jpg
Oscar,Hernandez,Cognitive Solutions Inc.,ML Research Engineer,NAIS26-0036,Applied ML,16 March 2026,attendee_0036.jpg
Lily,White,NextGen AI Systems,AI Deployment Specialist,NAIS26-0037,AI in Production,14 March 2026,attendee_0037.jpg
Ryan,Davis,Ascend AI Group,"VP of Product, AI",NAIS26-0038,Leadership,15 March 2026,attendee_0038.jpg
Chloe,Garcia,Bright Spark AI,AI Intern,NAIS26-0039,Foundations,16 March 2026,attendee_0039.jpg
Max,Johnson,Ethical Tech Partners,AI Risk Manager,NAIS26-0040,Responsible AI,14 March 2026,attendee_0040.jpg
Sarah,Wilson,IntelliSense Labs,Senior AI Engineer,NAIS26-0041,Applied ML,15 March 2026,attendee_0041.jpg
Alex,Chen,Cloudwave AI,Cloud AI Architect,NAIS26-0042,AI in Production,16 March 2026,attendee_0042.jpg
Jessica,Moore,Innovate Forward Inc.,Head of Innovation,NAIS26-0043,Leadership,14 March 2026,attendee_0043.jpg
Kevin,Lee,DataForge Academy,AI Research Assistant,NAIS26-0044,Foundations,15 March 2026,attendee_0044.jpg
Maria,Gonzales,Trustworthy AI Foundation,"Legal Counsel, AI",NAIS26-0045,Responsible AI,16 March 2026,attendee_0045.jpg
Jason,Chang,Neural Network Solutions,Deep Learning Specialist,NAIS26-0046,Applied ML,14 March 2026,attendee_0046.jpg
Hannah,Kim,Operational AI Group,MLOps Engineer,NAIS26-0047,AI in Production,15 March 2026,attendee_0047.jpg
Robert,Davis Jr.,Strategic AI Partners,Managing Director,NAIS26-0048,Leadership,16 March 2026,attendee_0048.jpg
Grace,Perez,FutureTech University,Postdoctoral Researcher,NAIS26-0049,Foundations,14 March 2026,attendee_0049.jpg
Michael,Wong,Digital Ethics Bureau,AI Policy Advisor,NAIS26-0050,Responsible AI,15 March 2026,attendee_0050.jpg
Chloe,Nguyen,Predictive Analytics Inc.,Predictive Modeler,NAIS26-0051,Applied ML,16 March 2026,attendee_0051.jpg
Daniel,Smith,Enterprise AI Solutions,AI Integration Specialist,NAIS26-0052,AI in Production,14 March 2026,attendee_0052.jpg
Laura,Johnson,Global AI Think Tank,Senior Fellow,NAIS26-0053,Leadership,15 March 2026,attendee_0053.jpg
Chris,Evans,Core AI Technologies,AI Systems Engineer,NAIS26-0054,Foundations,16 March 2026,attendee_0054.jpg
Sophia,Miller,Human-Centric AI Lab,"UX Researcher, AI",NAIS26-0055,Responsible AI,14 March 2026,attendee_0055.jpg
Ethan,Brown,Visionary AI Systems,Computer Vision Engineer,NAIS26-0056,Applied ML,15 March 2026,attendee_0056.jpg
Olivia,Davis,Reliable AI Solutions,"QA Engineer, AI",NAIS26-0057,AI in Production,16 March 2026,attendee_0057.jpg
William,Garcia,Future Forward Capital,"Venture Partner, AI",NAIS26-0058,Leadership,14 March 2026,attendee_0058.jpg
Ava,Rodriguez,Applied AI Institute,Graduate Researcher,NAIS26-0059,Foundations,15 March 2026,attendee_0059.jpg
James,Martinez,Ethical AI Partners,Data Privacy Officer,NAIS26-0060,Responsible AI,16 March 2026,attendee_0060.jpg
Mia,Hernandez,Cognito AI Labs,NLP Engineer,NAIS26-0061,Applied ML,14 March 2026,attendee_0061.jpg
Benjamin,Lopez,ScaleUp AI Solutions,ML Platform Engineer,NAIS26-0062,AI in Production,15 March 2026,attendee_0062.jpg
Charlotte,Perez,Innovate AI Global,Chief Operating Officer,NAIS26-0063,Leadership,16 March 2026,attendee_0063.jpg
Henry,Gonzalez,Deep Learning Academy,AI Course Developer,NAIS26-0064,Foundations,14 March 2026,attendee_0064.jpg
Amelia,Wilson,Responsible AI Coalition,Community Manager,NAIS26-0065,Responsible AI,15 March 2026,attendee_0065.jpg
Alexander,Anderson,Predictive Intelligence Inc.,Senior Data Scientist,NAIS26-0066,Applied ML,16 March 2026,attendee_0066.jpg
Harper,Thomas,AI Deployment Group,"Release Manager, AI",NAIS26-0067,AI in Production,14 March 2026,attendee_0067.jpg
Evelyn,Jackson,Strategic AI Consulting,Senior AI Consultant,NAIS26-0068,Leadership,15 March 2026,attendee_0068.jpg
Sebastian,White,Foundational AI Research,Junior Research Scientist,NAIS26-0069,Foundations,16 March 2026,attendee_0069.jpg
Abigail,Harris,Ethical AI Solutions,AI Governance Lead,NAIS26-0070,Responsible AI,14 March 2026,attendee_0070.jpg
Jack,Martin,Applied AI Innovators,ML Operations Engineer,NAIS26-0071,Applied ML,15 March 2026,attendee_0071.jpg
Ella,Thompson,AI Infrastructure Co.,Platform Engineer,NAIS26-0072,AI in Production,16 March 2026,attendee_0072.jpg
Aiden,Roberts,Future AI Leaders,Program Manager,NAIS26-0073,Leadership,14 March 2026,attendee_0073.jpg
Scarlett,Clark,AI Fundamentals Group,Research Assistant,NAIS26-0074,Foundations,15 March 2026,attendee_0074.jpg
Lucas,Lewis,Fair AI Institute,AI Policy Researcher,NAIS26-0075,Responsible AI,16 March 2026,attendee_0075.jpg
Zoe,Hall,Cognitive Computing Corp.,AI Architect,NAIS26-0076,Applied ML,14 March 2026,attendee_0076.jpg
Jackson,Young,AI Production Systems,Release Engineer,NAIS26-0077,AI in Production,15 March 2026,attendee_0077.jpg
Penelope,King,Innovation Hub AI,Head of AI Product,NAIS26-0078,Leadership,16 March 2026,attendee_0078.jpg
Leo,Wright,Core AI Research,PhD Student,NAIS26-0079,Foundations,14 March 2026,attendee_0079.jpg
Grace,Scott,AI Trust & Safety,Trust & Safety Lead,NAIS26-0080,Responsible AI,15 March 2026,attendee_0080.jpg
Chloe,Green,Intelligent Automation Inc.,"Automation Engineer, AI",NAIS26-0081,Applied ML,16 March 2026,attendee_0081.jpg
Daniel,Adams,AI Delivery Solutions,"Delivery Manager, AI",NAIS26-0082,AI in Production,14 March 2026,attendee_0082.jpg
Sofia,Baker,Next Wave AI Fund,Investment Analyst,NAIS26-0083,Leadership,15 March 2026,attendee_0083.jpg
Liam,Nelson,AI Education Foundation,Curriculum Developer,NAIS26-0084,Foundations,16 March 2026,attendee_0084.jpg
Aisha,Carter,Algorithmic Fairness Lab,Fairness Researcher,NAIS26-0085,Responsible AI,14 March 2026,attendee_0085.jpg
Kenji,Wright,Data-Driven Decisions,"Decision Scientist, AI",NAIS26-0086,Applied ML,15 March 2026,attendee_0086.jpg
Isabella,Mitchell,AI Operations Center,Site Reliability Engineer,NAIS26-0087,AI in Production,16 March 2026,attendee_0087.jpg
David,Perez,AI Strategy Group,Chief Strategist,NAIS26-0088,Leadership,14 March 2026,attendee_0088.jpg
Priya,Roberts,Quantum AI University,Professor of AI,NAIS26-0089,Foundations,15 March 2026,attendee_0089.jpg
Noah,Turner,AI Ethics & Law,"Legal Advisor, AI",NAIS26-0090,Responsible AI,16 March 2026,attendee_0090.jpg
Olivia,Phillips,Intelligent Systems Lab,Research Engineer,NAIS26-0091,Applied ML,14 March 2026,attendee_0091.jpg
Ethan,Campbell,AI Solutions Integrators,Solutions Engineer,NAIS26-0092,AI in Production,15 March 2026,attendee_0092.jpg
Maya,Parker,Global AI Forum,Event Director,NAIS26-0093,Leadership,16 March 2026,attendee_0093.jpg
Daniel,Evans,AI Core Technologies,Software Developer,NAIS26-0094,Foundations,14 March 2026,attendee_0094.jpg
Lena,Edwards,AI Bias Mitigation,Bias Detection Specialist,NAIS26-0095,Responsible AI,15 March 2026,attendee_0095.jpg
Hiroshi,Morimoto,Predictive AI Systems,Lead Data Scientist,NAIS26-0096,Applied ML,16 March 2026,attendee_0096.jpg
Ava,Collins,AI Deployment Services,Deployment Manager,NAIS26-0097,AI in Production,14 March 2026,attendee_0097.jpg
Mohammed,Hassan,Future Vision Capital,Chief Investment Officer,NAIS26-0098,Leadership,15 March 2026,attendee_0098.jpg
Sophia,Stewart,AI Fundamentals Academy,Technical Trainer,NAIS26-0099,Foundations,16 March 2026,attendee_0099.jpg
Lucas,Sanchez,AI Ethics Review Board,Ethics Reviewer,NAIS26-0100,Responsible AI,14 March 2026,attendee_0100.jpg
Emily,Morris,Cognitive Robotics Corp.,Robotics AI Engineer,NAIS26-0101,Applied ML,15 March 2026,attendee_0101.jpg
Julian,Rogers,AI Infrastructure Builders,Infrastructure Architect,NAIS26-0102,AI in Production,16 March 2026,attendee_0102.jpg
Grace,Reed,Global AI Leadership,Executive Coach,NAIS26-0103,Leadership,14 March 2026,attendee_0103.jpg
Leo,Cook,AI Research Collective,Junior ML Scientist,NAIS26-0104,Foundations,15 March 2026,attendee_0104.jpg
Zara,Morgan,Human-AI Interaction Lab,Human Factors Engineer,NAIS26-0105,Responsible AI,16 March 2026,attendee_0105.jpg
Samuel,Bell,Intelligent Automation Solutions,"RPA Developer, AI",NAIS26-0106,Applied ML,14 March 2026,attendee_0106.jpg
Elena,Murphy,AI Monitoring Systems,Monitoring Specialist,NAIS26-0107,AI in Production,15 March 2026,attendee_0107.jpg
Wei,Li,AI Innovation Center,Director of Research,NAIS26-0108,Leadership,16 March 2026,attendee_0108.jpg
Mia,Cooper,AI Learning Hub,E-Learning Specialist,NAIS26-0109,Foundations,14 March 2026,attendee_0109.jpg
Gabriel,Ramirez,AI Accountability Group,Accountability Analyst,NAIS26-0110,Responsible AI,15 March 2026,attendee_0110.jpg
Sophie,Cox,Advanced ML Solutions,Senior ML Scientist,NAIS26-0111,Applied ML,16 March 2026,attendee_0111.jpg
Arthur,Howard,AI Operations Excellence,Operations Manager,NAIS26-0112,AI in Production,14 March 2026,attendee_0112.jpg
Nora,Ward,AI Ecosystem Builders,Ecosystem Lead,NAIS26-0113,Leadership,15 March 2026,attendee_0113.jpg
Ben,Torres,AI Fundamentals Lab,Research Fellow,NAIS26-0114,Foundations,16 March 2026,attendee_0114.jpg
Julia,Gray,AI Ethical Design,Ethical Design Specialist,NAIS26-0115,Responsible AI,14 March 2026,attendee_0115.jpg
Oscar,Ramirez,Natural Language AI,NLP Research Scientist,NAIS26-0116,Applied ML,15 March 2026,attendee_0116.jpg
Lily,Foster,AI System Architecture,System Architect,NAIS26-0117,AI in Production,16 March 2026,attendee_0117.jpg
Ryan,Gonzales,AI Growth Partners,Business Development Lead,NAIS26-0118,Leadership,14 March 2026,attendee_0118.jpg
Chloe,Bryant,AI Learning Pathways,Instructional Designer,NAIS26-0119,Foundations,15 March 2026,attendee_0119.jpg
Max,Alexander,AI Regulatory Compliance,Regulatory Affairs Specialist,NAIS26-0120,Responsible AI,16 March 2026,attendee_0120.jpg
Sarah,Russell,Intelligent Vision Systems,Computer Vision Lead,NAIS26-0121,Applied ML,14 March 2026,attendee_0121.jpg
Alex,Griffin,AI Infrastructure Solutions,Senior DevOps Engineer,NAIS26-0122,AI in Production,15 March 2026,attendee_0122.jpg
Jessica,Diaz,AI Transformation Group,Transformation Consultant,NAIS26-0123,Leadership,16 March 2026,attendee_0123.jpg
Kevin,Hayes,AI Core Concepts,Junior Developer,NAIS26-0124,Foundations,14 March 2026,attendee_0124.jpg
Maria,Myers,AI Impact Assessment,Impact Assessment Analyst,NAIS26-0125,Responsible AI,15 March 2026,attendee_0125.jpg
Jason,Ford,Deep Learning Innovations,Deep Learning Engineer,NAIS26-0126,Applied ML,16 March 2026,attendee_0126.jpg
Hannah,Hamilton,AI Model Deployment,Model Deployment Specialist,NAIS26-0127,AI in Production,14 March 2026,attendee_0127.jpg
Robert,Graham,AI Strategy & Vision,Chief Visionary Officer,NAIS26-0128,Leadership,15 March 2026,attendee_0128.jpg
Grace,Wallace,AI Foundations Research,Postgraduate Student,NAIS26-0129,Foundations,16 March 2026,attendee_0129.jpg
Michael,Cole,AI Ethics & Governance,Governance Analyst,NAIS26-0130,Responsible AI,14 March 2026,attendee_0130.jpg
Chloe,Richardson,Intelligent Data Solutions,"Data Scientist, ML",NAIS26-0131,Applied ML,15 March 2026,attendee_0131.jpg
Daniel,Perry,AI Production Pipeline,Pipeline Engineer,NAIS26-0132,AI in Production,16 March 2026,attendee_0132.jpg
Laura,Long,AI Leadership Institute,Director of Programs,NAIS26-0133,Leadership,14 March 2026,attendee_0133.jpg
Chris,Patterson,AI Theory & Practice,Theoretical AI Researcher,NAIS26-0134,Foundations,15 March 2026,attendee_0134.jpg
Sophia,Brooks,AI Fairness Metrics,Metrics Specialist,NAIS26-0135,Responsible AI,16 March 2026,attendee_0135.jpg
Ethan,Powell,Reinforcement Learning Corp.,RL Engineer,NAIS26-0136,Applied ML,14 March 2026,attendee_0136.jpg
Olivia,Barnes,AI Ecosystem Management,Ecosystem Manager,NAIS26-0137,AI in Production,15 March 2026,attendee_0137.jpg
William,Flores,AI Strategic Partnerships,Partnership Manager,NAIS26-0138,Leadership,16 March 2026,attendee_0138.jpg
Ava,Ramirez,AI Core Concepts Lab,Junior Researcher,NAIS26-0139,Foundations,14 March 2026,attendee_0139.jpg
James,Russell,AI Ethical Frameworks,Framework Developer,NAIS26-0140,Responsible AI,15 March 2026,attendee_0140.jpg
Mia,Ortiz,Speech AI Solutions,Speech Recognition Engineer,NAIS26-0141,Applied ML,16 March 2026,attendee_0141.jpg
Benjamin,Jenkins,AI Model Operations,Model Operations Lead,NAIS26-0142,AI in Production,14 March 2026,attendee_0142.jpg
Charlotte,Perry,AI Executive Council,Council Member,NAIS26-0143,Leadership,15 March 2026,attendee_0143.jpg
Henry,Kelly,AI Foundational Models,Model Developer,NAIS26-0144,Foundations,16 March 2026,attendee_0144.jpg
Amelia,Sanders,AI Bias & Fairness,Fairness Consultant,NAIS26-0145,Responsible AI,14 March 2026,attendee_0145.jpg
Alexander,Price,Applied Intelligence Group,Senior ML Engineer,NAIS26-0146,Applied ML,15 March 2026,attendee_0146.jpg
Harper,Bennett,AI Release Management,Release Coordinator,NAIS26-0147,AI in Production,16 March 2026,attendee_0147.jpg
Evelyn,Wood,AI Strategy & Innovation,Innovation Lead,NAIS26-0148,Leadership,14 March 2026,attendee_0148.jpg
Sebastian,Barnes,AI Theory Lab,Research Intern,NAIS26-0149,Foundations,15 March 2026,attendee_0149.jpg
Abigail,Ross,AI Governance & Ethics,Ethics Officer,NAIS26-0150,Responsible AI,16 March 2026,attendee_0150.jpg
Jack,Henderson,AI-Powered Automation,Automation Architect,NAIS26-0151,Applied ML,14 March 2026,attendee_0151.jpg
Ella,Coleman,AI Infrastructure & Ops,Operations Engineer,NAIS26-0152,AI in Production,15 March 2026,attendee_0152.jpg
Aiden,Jenkins,AI Leadership Academy,Training Director,NAIS26-0153,Leadership,16 March 2026,attendee_0153.jpg
Scarlett,Powell,AI Fundamentals Center,Curriculum Specialist,NAIS26-0154,Foundations,14 March 2026,attendee_0154.jpg
Lucas,Patterson,AI Trust & Transparency,Transparency Advocate,NAIS26-0155,Responsible AI,15 March 2026,attendee_0155.jpg
Zoe,Hughes,Predictive Health AI,Healthcare AI Specialist,NAIS26-0156,Applied ML,16 March 2026,attendee_0156.jpg
Jackson,Flores,AI Deployment Hub,Deployment Engineer,NAIS26-0157,AI in Production,14 March 2026,attendee_0157.jpg
Penelope,Washington,AI Visionary Group,Chief Technology Officer,NAIS26-0158,Leadership,15 March 2026,attendee_0158.jpg
Leo,Butler,AI Core Research Labs,Research Associate,NAIS26-0159,Foundations,16 March 2026,attendee_0159.jpg
Grace,Simmons,AI Ethical Standards,Standards Developer,NAIS26-0160,Responsible AI,14 March 2026,attendee_0160.jpg
Chloe,Foster,Intelligent Finance AI,FinTech AI Analyst,NAIS26-0161,Applied ML,15 March 2026,attendee_0161.jpg
Daniel,Gonzales,AI Production Readiness,Readiness Specialist,NAIS26-0162,AI in Production,16 March 2026,attendee_0162.jpg
Sofia,Bryant,AI Strategic Growth,Growth Strategist,NAIS26-0163,Leadership,14 March 2026,attendee_0163.jpg
Liam,Alexander,AI Foundational Principles,Principle Researcher,NAIS26-0164,Foundations,15 March 2026,attendee_0164.jpg
Aisha,Russell,AI Fairness & Accountability,Accountability Officer,NAIS26-0165,Responsible AI,16 March 2026,attendee_0165.jpg
Kenji,Griffin,AI-Powered Marketing,Marketing AI Specialist,NAIS26-0166,Applied ML,14 March 2026,attendee_0166.jpg
Isabella,Diaz,AI Release Engineering,Release Engineer,NAIS26-0167,AI in Production,15 March 2026,attendee_0167.jpg
David,Hayes,AI Innovation Leadership,Innovation Leader,NAIS26-0168,Leadership,16 March 2026,attendee_0168.jpg
Priya,Myers,AI Basic Research,Basic Research Scientist,NAIS26-0169,Foundations,14 March 2026,attendee_0169.jpg
Noah,Ford,AI Ethical Guidelines,Guidelines Developer,NAIS26-0170,Responsible AI,15 March 2026,attendee_0170.jpg
Olivia,Hamilton,AI for Drug Discovery,Bioinformatics AI Scientist,NAIS26-0171,Applied ML,16 March 2026,attendee_0171.jpg
Ethan,Graham,AI Production Support,"Support Engineer, AI",NAIS26-0172,AI in Production,14 March 2026,attendee_0172.jpg
Maya,Wallace,AI Global Strategy,Global Strategy Lead,NAIS26-0173,Leadership,15 March 2026,attendee_0173.jpg
Daniel,Cole,AI Core Principles,Principle Engineer,NAIS26-0174,Foundations,16 March 2026,attendee_0174.jpg
Lena,Richardson,AI Bias & Explainability,Explainable AI Researcher,NAIS26-0175,Responsible AI,14 March 2026,attendee_0175.jpg
Hiroshi,Perry,AI for Manufacturing,Industrial AI Engineer,NAIS26-0176,Applied ML,15 March 2026,attendee_0176.jpg
Ava,Long,AI System Monitoring,Monitoring Architect,NAIS26-0177,AI in Production,16 March 2026,attendee_0177.jpg
Mohammed,Patterson,AI Business Solutions,Business Solutions Architect,NAIS26-0178,Leadership,14 March 2026,attendee_0178.jpg
Sophia,Brooks,AI Foundational Learning,Learning Specialist,NAIS26-0179,Foundations,15 March 2026,attendee_0179.jpg
Lucas,Powell,AI Ethical Compliance,Compliance Manager,NAIS26-0180,Responsible AI,16 March 2026,attendee_0180.jpg
Emily,Barnes,AI for Customer Service,Conversational AI Developer,NAIS26-0181,Applied ML,14 March 2026,attendee_0181.jpg
Julian,Flores,AI Production Readiness,Readiness Engineer,NAIS26-0182,AI in Production,15 March 2026,attendee_0182.jpg
Grace,Bennett,AI Strategic Ventures,Venture Capitalist,NAIS26-0183,Leadership,16 March 2026,attendee_0183.jpg
Leo,Wood,AI Foundational Concepts,Concept Developer,NAIS26-0184,Foundations,14 March 2026,attendee_0184.jpg
Zara,Ross,AI Privacy & Security,Privacy Engineer,NAIS26-0185,Responsible AI,15 March 2026,attendee_0185.jpg
Samuel,Henderson,AI for Supply Chain,Supply Chain AI Analyst,NAIS26-0186,Applied ML,16 March 2026,attendee_0186.jpg
Elena,Coleman,AI Model Deployment,Deployment Architect,NAIS26-0187,AI in Production,14 March 2026,attendee_0187.jpg
Wei,Jenkins,AI Global Leadership,Global Head of AI,NAIS26-0188,Leadership,15 March 2026,attendee_0188.jpg
Mia,Powell,AI Basic Principles,Principle Investigator,NAIS26-0189,Foundations,16 March 2026,attendee_0189.jpg
Gabriel,Patterson,AI Ethical Oversight,Oversight Specialist,NAIS26-0190,Responsible AI,14 March 2026,attendee_0190.jpg
Sophie,Hughes,AI for Energy Sector,Energy AI Engineer,NAIS26-0191,Applied ML,15 March 2026,attendee_0191.jpg
Arthur,Washington,AI System Integration,Integration Architect,NAIS26-0192,AI in Production,16 March 2026,attendee_0192.jpg
Nora,Butler,AI Executive Education,Executive Educator,NAIS26-0193,Leadership,14 March 2026,attendee_0193.jpg
Ben,Simmons,AI Foundational Models Lab,Model Researcher,NAIS26-0194,Foundations,15 March 2026,attendee_0194.jpg
Julia,Foster,AI Bias Detection & Correction,Bias Correction Specialist,NAIS26-0195,Responsible AI,16 March 2026,attendee_0195.jpg
Oscar,Gonzales,AI for Geospatial Data,Geospatial AI Scientist,NAIS26-0196,Applied ML,14 March 2026,attendee_0196.jpg
Lily,Bryant,AI Production Monitoring,Monitoring Engineer,NAIS26-0197,AI in Production,15 March 2026,attendee_0197.jpg
Ryan,Alexander,AI Leadership Development,Leadership Coach,NAIS26-0198,Leadership,16 March 2026,attendee_0198.jpg
Chloe,Russell,AI Core Research,Core Researcher,NAIS26-0199,Foundations,14 March 2026,attendee_0199.jpg
Max,Griffin,AI Ethical AI Development,Ethical Developer,NAIS26-0200,Responsible AI,15 March 2026,attendee_0200.jpg
Sarah,Diaz,AI for Retail,Retail AI Specialist,NAIS26-0201,Applied ML,16 March 2026,attendee_0201.jpg
Alex,Hayes,AI Production Workflow,Workflow Engineer,NAIS26-0202,AI in Production,14 March 2026,attendee_0202.jpg
Jessica,Myers,AI Strategic Planning,Strategic Planner,NAIS26-0203,Leadership,15 March 2026,attendee_0203.jpg
Kevin,Ford,AI Foundational Principles,Principle Architect,NAIS26-0204,Foundations,16 March 2026,attendee_0204.jpg
Maria,Hamilton,AI Ethical Sourcing,Ethical Sourcing Analyst,NAIS26-0205,Responsible AI,14 March 2026,attendee_0205.jpg
Jason,Graham,AI for Robotics,Robotics Software Engineer,NAIS26-0206,Applied ML,15 March 2026,attendee_0206.jpg
Hannah,Wallace,AI Production Scaling,Scaling Engineer,NAIS26-0207,AI in Production,16 March 2026,attendee_0207.jpg
Robert,Cole,AI Executive Forum,Forum Coordinator,NAIS26-0208,Leadership,14 March 2026,attendee_0208.jpg
Grace,Richardson,AI Foundational Research,Research Scientist,NAIS26-0209,Foundations,15 March 2026,attendee_0209.jpg
Michael,Perry,AI Ethical AI Deployment,Deployment Ethicist,NAIS26-0210,Responsible AI,16 March 2026,attendee_0210.jpg
Chloe,Long,AI for Smart Cities,Smart City AI Developer,NAIS26-0211,Applied ML,14 March 2026,attendee_0211.jpg
Daniel,Patterson,AI Production Optimization,Optimization Engineer,NAIS26-0212,AI in Production,15 March 2026,attendee_0212.jpg
Laura,Brooks,AI Leadership Summit,Summit Organizer,NAIS26-0213,Leadership,16 March 2026,attendee_0213.jpg
Chris,Powell,AI Foundational Algorithms,Algorithm Engineer,NAIS26-0214,Foundations,14 March 2026,attendee_0214.jpg
Sophia,Barnes,AI Ethical Impact,Impact Analyst,NAIS26-0215,Responsible AI,15 March 2026,attendee_0215.jpg
Ethan,Flores,AI for Education,EdTech AI Developer,NAIS26-0216,Applied ML,16 March 2026,attendee_0216.jpg
Olivia,Bennett,AI Production Reliability,Reliability Engineer,NAIS26-0217,AI in Production,14 March 2026,attendee_0217.jpg
William,Wood,AI Strategic Partnerships,Partnership Director,NAIS26-0218,Leadership,15 March 2026,attendee_0218.jpg
Ava,Ross,AI Foundational Models,Model Architect,NAIS26-0219,Foundations,16 March 2026,attendee_0219.jpg
James,Henderson,AI Ethical Governance,Governance Specialist,NAIS26-0220,Responsible AI,14 March 2026,attendee_0220.jpg
Mia,Coleman,AI for Agriculture,AgriTech AI Specialist,NAIS26-0221,Applied ML,15 March 2026,attendee_0221.jpg
Benjamin,Jenkins,AI Production Monitoring,Monitoring Specialist,NAIS26-0222,AI in Production,16 March 2026,attendee_0222.jpg
Charlotte,Powell,AI Leadership Development,Development Manager,NAIS26-0223,Leadership,14 March 2026,attendee_0223.jpg
Henry,Patterson,AI Foundational Research Institute,Research Fellow,NAIS26-0224,Foundations,15 March 2026,attendee_0224.jpg
Amelia,Hughes,AI Ethical Frameworks,Framework Architect,NAIS26-0225,Responsible AI,16 March 2026,attendee_0225.jpg
Alexander,Washington,AI for Healthcare,Medical AI Engineer,NAIS26-0226,Applied ML,14 March 2026,attendee_0226.jpg
Harper,Butler,AI Production Systems,Systems Engineer,NAIS26-0227,AI in Production,15 March 2026,attendee_0227.jpg
Evelyn,Simmons,AI Strategic Growth,Growth Manager,NAIS26-0228,Leadership,16 March 2026,attendee_0228.jpg
Sebastian,Foster,AI Core Principles Lab,Principle Researcher,NAIS26-0229,Foundations,14 March 2026,attendee_0229.jpg
Abigail,Gonzales,AI Bias Mitigation Strategies,Mitigation Strategist,NAIS26-0230,Responsible AI,15 March 2026,attendee_0230.jpg
Jack,Bryant,AI for Finance,Financial AI Analyst,NAIS26-0231,Applied ML,16 March 2026,attendee_0231.jpg
Ella,Alexander,AI Production Deployment,Deployment Lead,NAIS26-0232,AI in Production,14 March 2026,attendee_0232.jpg
Aiden,Russell,AI Executive Leadership,Executive Advisor,NAIS26-0233,Leadership,15 March 2026,attendee_0233.jpg
Scarlett,Griffin,AI Foundational Concepts,Concept Engineer,NAIS26-0234,Foundations,16 March 2026,attendee_0234.jpg
Lucas,Diaz,AI Ethical Impact Assessment,Assessment Specialist,NAIS26-0235,Responsible AI,14 March 2026,attendee_0235.jpg
Zoe,Hayes,AI for Transportation,Autonomous Systems Engineer,NAIS26-0236,Applied ML,15 March 2026,attendee_0236.jpg
Jackson,Myers,AI Production Automation,Automation Specialist,NAIS26-0237,AI in Production,16 March 2026,attendee_0237.jpg
Penelope,Ford,AI Innovation & Strategy,Chief Innovation Officer,NAIS26-0238,Leadership,14 March 2026,attendee_0238.jpg
Leo,Hamilton,AI Foundational Knowledge,Knowledge Engineer,NAIS26-0239,Foundations,15 March 2026,attendee_0239.jpg
Grace,Graham,AI Ethical AI Principles,Principle Ethicist,NAIS26-0240,Responsible AI,16 March 2026,attendee_0240.jpg
Chloe,Wallace,AI for Media & Entertainment,Media AI Developer,NAIS26-0241,Applied ML,14 March 2026,attendee_0241.jpg
Daniel,Cole,AI Production Monitoring,Monitoring Analyst,NAIS26-0242,AI in Production,15 March 2026,attendee_0242.jpg
Sofia,Richardson,AI Leadership Programs,Program Director,NAIS26-0243,Leadership,16 March 2026,attendee_0243.jpg
Liam,Perry,AI Foundational Technologies,Technology Analyst,NAIS26-0244,Foundations,14 March 2026,attendee_0244.jpg
Aisha,Long,AI Ethical AI Research,Ethical AI Researcher,NAIS26-0245,Responsible AI,15 March 2026,attendee_0245.jpg
Kenji,Patterson,AI for Cybersecurity,Cybersecurity AI Engineer,NAIS26-0246,Applied ML,16 March 2026,attendee_0246.jpg
Isabella,Brooks,AI Production Scaling,Scaling Architect,NAIS26-0247,AI in Production,14 March 2026,attendee_0247.jpg
David,Powell,AI Strategic Vision,Visionary Leader,NAIS26-0248,Leadership,15 March 2026,attendee_0248.jpg
Priya,Barnes,AI Foundational Models,Model Scientist,NAIS26-0249,Foundations,16 March 2026,attendee_0249.jpg
Noah,Flores,AI Ethical AI Solutions,Ethical Solutions Architect,NAIS26-0250,Responsible AI,14 March 2026,attendee_0250.jpg
Olivia,Bennett,AI for Government,Public Sector AI Advisor,NAIS26-0251,Applied ML,15 March 2026,attendee_0251.jpg
Ethan,Wood,AI Production Readiness,Readiness Lead,NAIS26-0252,AI in Production,16 March 2026,attendee_0252.jpg
Maya,Ross,AI Leadership Forum,Forum Moderator,NAIS26-0253,Leadership,14 March 2026,attendee_0253.jpg
Daniel,Henderson,AI Foundational Systems,Systems Analyst,NAIS26-0254,Foundations,15 March 2026,attendee_0254.jpg
Lena,Coleman,AI Ethical AI Development,Development Ethicist,NAIS26-0255,Responsible AI,16 March 2026,attendee_0255.jpg
Hiroshi,Jenkins,AI for Telecommunications,Telecom AI Engineer,NAIS26-0256,Applied ML,14 March 2026,attendee_0256.jpg
Ava,Powell,AI Production Reliability,Reliability Lead,NAIS26-0257,AI in Production,15 March 2026,attendee_0257.jpg
Mohammed,Patterson,AI Strategic Innovation,Innovation Strategist,NAIS26-0258,Leadership,16 March 2026,attendee_0258.jpg
Sophia,Hughes,AI Foundational Principles,Principle Engineer,NAIS26-0259,Foundations,14 March 2026,attendee_0259.jpg
Lucas,Washington,AI Ethical AI Oversight,Oversight Manager,NAIS26-0260,Responsible AI,15 March 2026,attendee_0260.jpg
Emily,Butler,AI for Automotive,Automotive AI Engineer,NAIS26-0261,Applied ML,16 March 2026,attendee_0261.jpg
Julian,Simmons,AI Production Automation,Automation Lead,NAIS26-0262,AI in Production,14 March 2026,attendee_0262.jpg
Grace,Foster,AI Leadership Development,Development Specialist,NAIS26-0263,Leadership,15 March 2026,attendee_0263.jpg
Leo,Gonzales,AI Foundational Algorithms,Algorithm Architect,NAIS26-0264,Foundations,16 March 2026,attendee_0264.jpg
Zara,Bryant,AI Ethical AI Policy,Policy Analyst,NAIS26-0265,Responsible AI,14 March 2026,attendee_0265.jpg
Samuel,Alexander,AI for Logistics,Logistics AI Specialist,NAIS26-0266,Applied ML,15 March 2026,attendee_0266.jpg
Elena,Russell,AI Production Optimization,Optimization Lead,NAIS26-0267,AI in Production,16 March 2026,attendee_0267.jpg
Wei,Griffin,AI Executive Leadership,Executive Director,NAIS26-0268,Leadership,14 March 2026,attendee_0268.jpg
Mia,Diaz,AI Foundational Research,Research Coordinator,NAIS26-0269,Foundations,15 March 2026,attendee_0269.jpg
Gabriel,Hayes,AI Ethical AI Standards,Standards Manager,NAIS26-0270,Responsible AI,16 March 2026,attendee_0270.jpg
Sophie,Myers,AI for Smart Homes,Smart Home AI Developer,NAIS26-0271,Applied ML,14 March 2026,attendee_0271.jpg
Arthur,Ford,AI Production Workflow,Workflow Lead,NAIS26-0272,AI in Production,15 March 2026,attendee_0272.jpg
Nora,Hamilton,AI Strategic Partnerships,Partnership Lead,NAIS26-0273,Leadership,16 March 2026,attendee_0273.jpg
Ben,Graham,AI Foundational Models,Model Engineer,NAIS26-0274,Foundations,14 March 2026,attendee_0274.jpg
Julia,Wallace,AI Ethical AI Audit,Audit Specialist,NAIS26-0275,Responsible AI,15 March 2026,attendee_0275.jpg
Oscar,Cole,AI for Environmental Monitoring,Environmental AI Scientist,NAIS26-0276,Applied ML,16 March 2026,attendee_0276.jpg
Lily,Richardson,AI Production Support,Support Lead,NAIS26-0277,AI in Production,14 March 2026,attendee_0277.jpg
Ryan,Perry,AI Innovation Leadership,Innovation Manager,NAIS26-0278,Leadership,15 March 2026,attendee_0278.jpg
Chloe,Long,AI Foundational Concepts,Concept Analyst,NAIS26-0279,Foundations,16 March 2026,attendee_0279.jpg
Max,Patterson,AI Ethical AI Governance,Governance Lead,NAIS26-0280,Responsible AI,14 March 2026,attendee_0280.jpg
Sarah,Brooks,AI for Human Resources,HR AI Specialist,NAIS26-0281,Applied ML,15 March 2026,attendee_0281.jpg
Alex,Powell,AI Production Monitoring,Monitoring Architect,NAIS26-0282,AI in Production,16 March 2026,attendee_0282.jpg
Jessica,Barnes,AI Strategic Vision,Visionary Architect,NAIS26-0283,Leadership,14 March 2026,attendee_0283.jpg
Kevin,Flores,AI Foundational Algorithms,Algorithm Developer,NAIS26-0284,Foundations,15 March 2026,attendee_0284.jpg
Maria,Bennett,AI Ethical AI Impact,Impact Manager,NAIS26-0285,Responsible AI,16 March 2026,attendee_0285.jpg
Jason,Wood,AI for Marketing Analytics,Marketing Analytics AI,NAIS26-0286,Applied ML,14 March 2026,attendee_0286.jpg
Hannah,Ross,AI Production Reliability,Reliability Architect,NAIS26-0287,AI in Production,15 March 2026,attendee_0287.jpg
Robert,Henderson,AI Leadership Programs,Program Manager,NAIS26-0288,Leadership,16 March 2026,attendee_0288.jpg
Grace,Coleman,AI Foundational Systems,Systems Engineer,NAIS26-0289,Foundations,14 March 2026,attendee_0289.jpg
Michael,Jenkins,AI Ethical AI Development,Development Lead,NAIS26-0290,Responsible AI,15 March 2026,attendee_0290.jpg
Chloe,Powell,AI for Financial Fraud,Fraud Detection AI,NAIS26-0291,Applied ML,16 March 2026,attendee_0291.jpg
Daniel,Patterson,AI Production Scaling,Scaling Lead,NAIS26-0292,AI in Production,14 March 2026,attendee_0292.jpg
Laura,Hughes,AI Strategic Growth,Growth Director,NAIS26-0293,Leadership,15 March 2026,attendee_0293.jpg
Chris,Washington,AI Foundational Research,Research Scientist,NAIS26-0294,Foundations,16 March 2026,attendee_0294.jpg
Sophia,Butler,AI Ethical AI Frameworks,Framework Lead,NAIS26-0295,Responsible AI,14 March 2026,attendee_0295.jpg
Ethan,Simmons,AI for Predictive Maintenance,Predictive Maintenance AI,NAIS26-0296,Applied ML,15 March 2026,attendee_0296.jpg
Olivia,Foster,AI Production Automation,Automation Architect,NAIS26-0297,AI in Production,16 March 2026,attendee_0297.jpg
William,Gonzales,AI Executive Leadership,Executive Coach,NAIS26-0298,Leadership,14 March 2026,attendee_0298.jpg
Ava,Bryant,AI Core Principles,Principle Scientist,NAIS26-0299,Foundations,15 March 2026,attendee_0299.jpg
James,Alexander,AI Ethical AI Oversight,Oversight Lead,NAIS26-0300,Responsible AI,16 March 2026,attendee_0300.jpg
Mia,Russell,AI for Customer Experience,CX AI Specialist,NAIS26-0301,Applied ML,14 March 2026,attendee_0301.jpg
Benjamin,Griffin,AI Production Deployment,Deployment Manager,NAIS26-0302,AI in Production,15 March 2026,attendee_0302.jpg
Charlotte,Diaz,AI Innovation & Strategy,Strategy Director,NAIS26-0303,Leadership,16 March 2026,attendee_0303.jpg
Henry,Hayes,AI Foundational Knowledge,Knowledge Architect,NAIS26-0304,Foundations,14 March 2026,attendee_0304.jpg
Amelia,Myers,AI Ethical AI Principles,Principle Manager,NAIS26-0305,Responsible AI,15 March 2026,attendee_0305.jpg
Alexander,Ford,AI for Talent Acquisition,Recruitment AI Specialist,NAIS26-0306,Applied ML,16 March 2026,attendee_0306.jpg
Harper,Hamilton,AI Production Monitoring,Monitoring Lead,NAIS26-0307,AI in Production,14 March 2026,attendee_0307.jpg
Evelyn,Graham,AI Leadership Development,Development Director,NAIS26-0308,Leadership,15 March 2026,attendee_0308.jpg
Sebastian,Wallace,AI Foundational Technologies,Technology Architect,NAIS26-0309,Foundations,16 March 2026,attendee_0309.jpg
Abigail,Cole,AI Ethical AI Research,Research Lead,NAIS26-0310,Responsible AI,14 March 2026,attendee_0310.jpg
Jack,Richardson,AI for Content Creation,Generative AI Artist,NAIS26-0311,Applied ML,15 March 2026,attendee_0311.jpg
Ella,Perry,AI Production Scaling,Scaling Manager,NAIS26-0312,AI in Production,16 March 2026,attendee_0312.jpg
Aiden,Long,AI Strategic Vision,Visionary Leader,NAIS26-0313,Leadership,14 March 2026,attendee_0313.jpg
Scarlett,Patterson,AI Foundational Models,Model Manager,NAIS26-0314,Foundations,15 March 2026,attendee_0314.jpg
Lucas,Brooks,AI Ethical AI Solutions,Solutions Lead,NAIS26-0315,Responsible AI,16 March 2026,attendee_0315.jpg
Zoe,Powell,AI for Research & Development,R&D AI Scientist,NAIS26-0316,Applied ML,14 March 2026,attendee_0316.jpg
Jackson,Barnes,AI Production Readiness,Readiness Manager,NAIS26-0317,AI in Production,15 March 2026,attendee_0317.jpg
Penelope,Flores,AI Leadership Forum,Forum Director,NAIS26-0318,Leadership,16 March 2026,attendee_0318.jpg
Leo,Bennett,AI Foundational Systems,Systems Architect,NAIS26-0319,Foundations,14 March 2026,attendee_0319.jpg
Grace,Wood,AI Ethical AI Development,Development Manager,NAIS26-0320,Responsible AI,15 March 2026,attendee_0320.jpg
Chloe,Ross,AI for Natural Disaster Prediction,Disaster AI Scientist,NAIS26-0321,Applied ML,16 March 2026,attendee_0321.jpg
Daniel,Henderson,AI Production Reliability,Reliability Manager,NAIS26-0322,AI in Production,14 March 2026,attendee_0322.jpg
Sofia,Coleman,AI Strategic Innovation,Innovation Director,NAIS26-0323,Leadership,15 March 2026,attendee_0323.jpg
Liam,Jenkins,AI Foundational Principles,Principle Architect,NAIS26-0324,Foundations,16 March 2026,attendee_0324.jpg
Aisha,Powell,AI Ethical AI Oversight,Oversight Director,NAIS26-0325,Responsible AI,14 March 2026,attendee_0325.jpg
Kenji,Patterson,AI for Space Exploration,Aerospace AI Engineer,NAIS26-0326,Applied ML,15 March 2026,attendee_0326.jpg
Isabella,Hughes,AI Production Automation,Automation Manager,NAIS26-0327,AI in Production,16 March 2026,attendee_0327.jpg
David,Washington,AI Executive Leadership,Executive Advisor,NAIS26-0328,Leadership,14 March 2026,attendee_0328.jpg
Priya,Butler,AI Core Principles Lab,Principle Scientist,NAIS26-0329,Foundations,15 March 2026,attendee_0329.jpg
Noah,Simmons,AI Ethical AI Policy,Policy Manager,NAIS26-0330,Responsible AI,16 March 2026,attendee_0330.jpg
Olivia,Foster,AI for Gaming,Game AI Developer,NAIS26-0331,Applied ML,14 March 2026,attendee_0331.jpg
Ethan,Gonzales,AI Production Optimization,Optimization Manager,NAIS26-0332,AI in Production,15 March 2026,attendee_0332.jpg
Maya,Bryant,AI Leadership Development,Development Lead,NAIS26-0333,Leadership,16 March 2026,attendee_0333.jpg
Daniel,Alexander,AI Foundational Algorithms,Algorithm Scientist,NAIS26-0334,Foundations,14 March 2026,attendee_0334.jpg
Lena,Russell,AI Ethical AI Standards,Standards Lead,NAIS26-0335,Responsible AI,15 March 2026,attendee_0335.jpg
Hiroshi,Griffin,AI for Legal Services,Legal AI Specialist,NAIS26-0336,Applied ML,16 March 2026,attendee_0336.jpg
Ava,Diaz,AI Production Workflow,Workflow Manager,NAIS26-0337,AI in Production,14 March 2026,attendee_0337.jpg
Mohammed,Hayes,AI Strategic Partnerships,Partnership Director,NAIS26-0338,Leadership,15 March 2026,attendee_0338.jpg
Sophia,Myers,AI Foundational Knowledge,Knowledge Scientist,NAIS26-0339,Foundations,16 March 2026,attendee_0339.jpg
Lucas,Ford,AI Ethical AI Audit,Audit Manager,NAIS26-0340,Responsible AI,14 March 2026,attendee_0340.jpg
Emily,Hamilton,AI for Education Technology,EdTech AI Engineer,NAIS26-0341,Applied ML,15 March 2026,attendee_0341.jpg
Julian,Graham,AI Production Support,Support Manager,NAIS26-0342,AI in Production,16 March 2026,attendee_0342.jpg
Grace,Wallace,AI Innovation Leadership,Innovation Director,NAIS26-0343,Leadership,14 March 2026,attendee_0343.jpg
Leo,Cole,AI Foundational Concepts,Concept Scientist,NAIS26-0344,Foundations,15 March 2026,attendee_0344.jpg
Zara,Richardson,AI Ethical AI Governance,Governance Director,NAIS26-0345,Responsible AI,16 March 2026,attendee_0345.jpg
Samuel,Perry,AI for Environmental Science,Environmental AI Analyst,NAIS26-0346,Applied ML,14 March 2026,attendee_0346.jpg
Elena,Long,AI Production Monitoring,Monitoring Director,NAIS26-0347,AI in Production,15 March 2026,attendee_0347.jpg
Wei,Patterson,AI Strategic Vision,Visionary Director,NAIS26-0348,Leadership,16 March 2026,attendee_0348.jpg
Mia,Brooks,AI Foundational Algorithms,Algorithm Manager,NAIS26-0349,Foundations,14 March 2026,attendee_0349.jpg
Gabriel,Powell,AI Ethical AI Impact,Impact Director,NAIS26-0350,Responsible AI,15 March 2026,attendee_0350.jpg
Sophie,Barnes,AI for Medical Imaging,Medical Imaging AI,NAIS26-0351,Applied ML,16 March 2026,attendee_0351.jpg
Arthur,Flores,AI Production Reliability,Reliability Director,NAIS26-0352,AI in Production,14 March 2026,attendee_0352.jpg
Nora,Bennett,AI Leadership Programs,Program Director,NAIS26-0353,Leadership,15 March 2026,attendee_0353.jpg
Ben,Wood,AI Foundational Systems,Systems Manager,NAIS26-0354,Foundations,16 March 2026,attendee_0354.jpg
Julia,Ross,AI Ethical AI Development,Development Director,NAIS26-0355,Responsible AI,14 March 2026,attendee_0355.jpg
Oscar,Henderson,AI for Smart Grids,Smart Grid AI Engineer,NAIS26-0356,Applied ML,15 March 2026,attendee_0356.jpg
Lily,Coleman,AI Production Scaling,Scaling Director,NAIS26-0357,AI in Production,16 March 2026,attendee_0357.jpg
Ryan,Jenkins,AI Strategic Innovation,Innovation Director,NAIS26-0358,Leadership,14 March 2026,attendee_0358.jpg
Chloe,Powell,AI Foundational Principles,Principle Director,NAIS26-0359,Foundations,15 March 2026,attendee_0359.jpg
Max,Patterson,AI Ethical AI Oversight,Oversight Director,NAIS26-0360,Responsible AI,16 March 2026,attendee_0360.jpg
Sarah,Hughes,AI for Urban Planning,Urban Planning AI,NAIS26-0361,Applied ML,14 March 2026,attendee_0361.jpg
Alex,Washington,AI Production Automation,Automation Director,NAIS26-0362,AI in Production,15 March 2026,attendee_0362.jpg
Jessica,Butler,AI Executive Leadership,Executive Director,NAIS26-0363,Leadership,16 March 2026,attendee_0363.jpg
Kevin,Simmons,AI Core Principles Lab,Principle Director,NAIS26-0364,Foundations,14 March 2026,attendee_0364.jpg
Maria,Foster,AI Ethical AI Policy,Policy Director,NAIS26-0365,Responsible AI,15 March 2026,attendee_0365.jpg
Jason,Gonzales,AI for Disaster Response,Disaster Response AI,NAIS26-0366,Applied ML,16 March 2026,attendee_0366.jpg
Hannah,Bryant,AI Production Optimization,Optimization Director,NAIS26-0367,AI in Production,14 March 2026,attendee_0367.jpg
Robert,Alexander,AI Leadership Development,Development Director,NAIS26-0368,Leadership,15 March 2026,attendee_0368.jpg
Grace,Russell,AI Foundational Algorithms,Algorithm Director,NAIS26-0369,Foundations,16 March 2026,attendee_0369.jpg
Michael,Griffin,AI Ethical AI Standards,Standards Director,NAIS26-0370,Responsible AI,14 March 2026,attendee_0370.jpg
Chloe,Diaz,AI for Smart Manufacturing,Smart Manufacturing AI,NAIS26-0371,Applied ML,15 March 2026,attendee_0371.jpg
Daniel,Hayes,AI Production Workflow,Workflow Director,NAIS26-0372,AI in Production,16 March 2026,attendee_0372.jpg
Laura,Myers,AI Strategic Partnerships,Partnership Director,NAIS26-0373,Leadership,14 March 2026,attendee_0373.jpg
Chris,Ford,AI Foundational Knowledge,Knowledge Director,NAIS26-0374,Foundations,15 March 2026,attendee_0374.jpg
Sophia,Hamilton,AI Ethical AI Audit,Audit Director,NAIS26-0375,Responsible AI,16 March 2026,attendee_0375.jpg
Ethan,Graham,AI for Precision Agriculture,Precision Ag AI Scientist,NAIS26-0376,Applied ML,14 March 2026,attendee_0376.jpg
Olivia,Wallace,AI Production Support,Support Director,NAIS26-0377,AI in Production,15 March 2026,attendee_0377.jpg
William,Cole,AI Innovation Leadership,Innovation Director,NAIS26-0378,Leadership,16 March 2026,attendee_0378.jpg
Ava,Richardson,AI Foundational Concepts,Concept Director,NAIS26-0379,Foundations,14 March 2026,attendee_0379.jpg
James,Perry,AI Ethical AI Governance,Governance Director,NAIS26-0380,Responsible AI,15 March 2026,attendee_0380.jpg
Mia,Long,AI for Personalized Medicine,Personalized Medicine AI,NAIS26-0381,Applied ML,16 March 2026,attendee_0381.jpg
Benjamin,Patterson,AI Production Monitoring,Monitoring Director,NAIS26-0382,AI in Production,14 March 2026,attendee_0382.jpg
Charlotte,Brooks,AI Strategic Vision,Visionary Director,NAIS26-0383,Leadership,15 March 2026,attendee_0383.jpg
Henry,Powell,AI Foundational Algorithms,Algorithm Director,NAIS26-0384,Foundations,16 March 2026,attendee_0384.jpg
Amelia,Barnes,AI Ethical AI Impact,Impact Director,NAIS26-0385,Responsible AI,14 March 2026,attendee_0385.jpg
Alexander,Flores,AI for Renewable Energy,Renewable Energy AI,NAIS26-0386,Applied ML,15 March 2026,attendee_0386.jpg
Harper,Bennett,AI Production Reliability,Reliability Director,NAIS26-0387,AI in Production,16 March 2026,attendee_0387.jpg
Evelyn,Wood,AI Leadership Programs,Program Director,NAIS26-0388,Leadership,14 March 2026,attendee_0388.jpg
Sebastian,Ross,AI Foundational Systems,Systems Director,NAIS26-0389,Foundations,15 March 2026,attendee_0389.jpg
Abigail,Henderson,AI Ethical AI Development,Development Director,NAIS26-0390,Responsible AI,16 March 2026,attendee_0390.jpg
Jack,Coleman,AI for Smart Logistics,Smart Logistics AI,NAIS26-0391,Applied ML,14 March 2026,attendee_0391.jpg
Ella,Jenkins,AI Production Scaling,Scaling Director,NAIS26-0392,AI in Production,15 March 2026,attendee_0392.jpg
Aiden,Powell,AI Strategic Innovation,Innovation Director,NAIS26-0393,Leadership,16 March 2026,attendee_0393.jpg
Scarlett,Patterson,AI Foundational Principles,Principle Director,NAIS26-0394,Foundations,14 March 2026,attendee_0394.jpg
Lucas,Hughes,AI Ethical AI Oversight,Oversight Director,NAIS26-0395,Responsible AI,15 March 2026,attendee_0395.jpg
Zoe,Washington,AI for Financial Risk,Financial Risk AI Analyst,NAIS26-0396,Applied ML,16 March 2026,attendee_0396.jpg
Jackson,Butler,AI Production Automation,Automation Director,NAIS26-0397,AI in Production,14 March 2026,attendee_0397.jpg
Penelope,Simmons,AI Executive Leadership,Executive Director,NAIS26-0398,Leadership,15 March 2026,attendee_0398.jpg
Leo,Foster,AI Core Principles Lab,Principle Director,NAIS26-0399,Foundations,16 March 2026,attendee_0399.jpg
Grace,Gonzales,AI Ethical AI Policy,Policy Director,NAIS26-0400,Responsible AI,14 March 2026,attendee_0400.jpg
Chloe,Bryant,AI for Predictive Analytics,Predictive Analytics AI,NAIS26-0401,Applied ML,15 March 2026,attendee_0401.jpg
Daniel,Alexander,AI Production Optimization,Optimization Director,NAIS26-0402,AI in Production,16 March 2026,attendee_0402.jpg
Sofia,Russell,AI Leadership Development,Development Director,NAIS26-0403,Leadership,14 March 2026,attendee_0403.jpg
Liam,Griffin,AI Foundational Algorithms,Algorithm Director,NAIS26-0404,Foundations,15 March 2026,attendee_0404.jpg
Aisha,Diaz,AI Ethical AI Standards,Standards Director,NAIS26-0405,Responsible AI,16 March 2026,attendee_0405.jpg
Kenji,Hayes,AI for Healthcare Diagnostics,Diagnostics AI Specialist,NAIS26-0406,Applied ML,14 March 2026,attendee_0406.jpg
Isabella,Myers,AI Production Workflow,Workflow Director,NAIS26-0407,AI in Production,15 March 2026,attendee_0407.jpg
David,Ford,AI Strategic Partnerships,Partnership Director,NAIS26-0408,Leadership,16 March 2026,attendee_0408.jpg
Priya,Hamilton,AI Foundational Knowledge,Knowledge Director,NAIS26-0409,Foundations,14 March 2026,attendee_0409.jpg
Noah,Graham,AI Ethical AI Audit,Audit Director,NAIS26-0410,Responsible AI,15 March 2026,attendee_0410.jpg
Olivia,Wallace,AI for Smart Cities Management,Smart City AI Manager,NAIS26-0411,Applied ML,16 March 2026,attendee_0411.jpg
Ethan,Cole,AI Production Support,Support Director,NAIS26-0412,AI in Production,14 March 2026,attendee_0412.jpg
Maya,Richardson,AI Innovation Leadership,Innovation Director,NAIS26-0413,Leadership,15 March 2026,attendee_0413.jpg
Daniel,Perry,AI Foundational Concepts,Concept Director,NAIS26-0414,Foundations,16 March 2026,attendee_0414.jpg
Lena,Long,AI Ethical AI Governance,Governance Director,NAIS26-0415,Responsible AI,14 March 2026,attendee_0415.jpg
Hiroshi,Patterson,AI for Robotics Automation,Robotics Automation AI,NAIS26-0416,Applied ML,15 March 2026,attendee_0416.jpg
Ava,Brooks,AI Production Monitoring,Monitoring Director,NAIS26-0417,AI in Production,16 March 2026,attendee_0417.jpg
Mohammed,Powell,AI Strategic Vision,Visionary Director,NAIS26-0418,Leadership,14 March 2026,attendee_0418.jpg
Sophia,Barnes,AI Foundational Algorithms,Algorithm Director,NAIS26-0419,Foundations,15 March 2026,attendee_0419.jpg
Lucas,Flores,AI Ethical AI Impact,Impact Director,NAIS26-0420,Responsible AI,16 March 2026,attendee_0420.jpg
Emily,Bennett,AI for Supply Chain Optimization,Supply Chain AI Optimizer,NAIS26-0421,Applied ML,14 March 2026,attendee_0421.jpg
Julian,Wood,AI Production Reliability,Reliability Director,NAIS26-0422,AI in Production,15 March 2026,attendee_0422.jpg
Grace,Ross,AI Leadership Programs,Program Director,NAIS26-0423,Leadership,16 March 2026,attendee_0423.jpg
Leo,Henderson,AI Foundational Systems,Systems Director,NAIS26-0424,Foundations,14 March 2026,attendee_0424.jpg
Zara,Coleman,AI Ethical AI Development,Development Director,NAIS26-0425,Responsible AI,15 March 2026,attendee_0425.jpg
Samuel,Jenkins,AI for Financial Trading,Algorithmic Trading AI,NAIS26-0426,Applied ML,16 March 2026,attendee_0426.jpg
Elena,Powell,AI Production Scaling,Scaling Director,NAIS26-0427,AI in Production,14 March 2026,attendee_0427.jpg
Wei,Patterson,AI Strategic Innovation,Innovation Director,NAIS26-0428,Leadership,15 March 2026,attendee_0428.jpg
Mia,Hughes,AI Foundational Principles,Principle Director,NAIS26-0429,Foundations,16 March 2026,attendee_0429.jpg
Gabriel,Washington,AI Ethical AI Oversight,Oversight Director,NAIS26-0430,Responsible AI,14 March 2026,attendee_0430.jpg
Sophie,Butler,AI for Personalized Marketing,Personalized Marketing AI,NAIS26-0431,Applied ML,15 March 2026,attendee_0431.jpg
Arthur,Simmons,AI Production Automation,Automation Director,NAIS26-0432,AI in Production,16 March 2026,attendee_0432.jpg
Nora,Foster,AI Executive Leadership,Executive Director,NAIS26-0433,Leadership,14 March 2026,attendee_0433.jpg
Ben,Gonzales,AI Core Principles Lab,Principle Director,NAIS26-0434,Foundations,15 March 2026,attendee_0434.jpg
Julia,Bryant,AI Ethical AI Policy,Policy Director,NAIS26-0435,Responsible AI,16 March 2026,attendee_0435.jpg
Oscar,Alexander,AI for Predictive Maintenance,Predictive Maintenance AI,NAIS26-0436,Applied ML,14 March 2026,attendee_0436.jpg
Lily,Russell,AI Production Optimization,Optimization Director,NAIS26-0437,AI in Production,15 March 2026,attendee_0437.jpg
Ryan,Griffin,AI Leadership Development,Development Director,NAIS26-0438,Leadership,16 March 2026,attendee_0438.jpg
Chloe,Diaz,AI Foundational Algorithms,Algorithm Director,NAIS26-0439,Foundations,14 March 2026,attendee_0439.jpg
Max,Hayes,AI Ethical AI Standards,Standards Director,NAIS26-0440,Responsible AI,15 March 2026,attendee_0440.jpg
Sarah,Myers,AI for Predictive Healthcare,Predictive Healthcare AI,NAIS26-0441,Applied ML,16 March 2026,attendee_0441.jpg
Alex,Ford,AI Production Workflow,Workflow Director,NAIS26-0442,AI in Production,14 March 2026,attendee_0442.jpg
Jessica,Hamilton,AI Strategic Partnerships,Partnership Director,NAIS26-0443,Leadership,15 March 2026,attendee_0443.jpg
Kevin,Graham,AI Foundational Knowledge,Knowledge Director,NAIS26-0444,Foundations,16 March 2026,attendee_0444.jpg
Maria,Wallace,AI Ethical AI Audit,Audit Director,NAIS26-0445,Responsible AI,14 March 2026,attendee_0445.jpg
Jason,Cole,AI for Smart Infrastructure,Smart Infrastructure AI,NAIS26-0446,Applied ML,15 March 2026,attendee_0446.jpg
Hannah,Richardson,AI Production Support,Support Director,NAIS26-0447,AI in Production,16 March 2026,attendee_0447.jpg
Robert,Perry,AI Innovation Leadership,Innovation Director,NAIS26-0448,Leadership,14 March 2026,attendee_0448.jpg
Grace,Long,AI Foundational Concepts,Concept Director,NAIS26-0449,Foundations,15 March 2026,attendee_0449.jpg
Michael,Patterson,AI Ethical AI Governance,Governance Director,NAIS26-0450,Responsible AI,16 March 2026,attendee_0450.jpg
Chloe,Brooks,AI for Personalized Education,Personalized Education AI,NAIS26-0451,Applied ML,14 March 2026,attendee_0451.jpg
Daniel,Powell,AI Production Monitoring,Monitoring Director,NAIS26-0452,AI in Production,15 March 2026,attendee_0452.jpg
Sofia,Barnes,AI Strategic Vision,Visionary Director,NAIS26-0453,Leadership,16 March 2026,attendee_0453.jpg
Liam,Flores,AI Foundational Algorithms,Algorithm Director,NAIS26-0454,Foundations,14 March 2026,attendee_0454.jpg
Aisha,Bennett,AI Ethical AI Impact,Impact Director,NAIS26-0455,Responsible AI,15 March 2026,attendee_0455.jpg
Kenji,Wood,AI for Climate Modeling,Climate Modeling AI,NAIS26-0456,Applied ML,16 March 2026,attendee_0456.jpg
Isabella,Ross,AI Production Reliability,Reliability Director,NAIS26-0457,AI in Production,14 March 2026,attendee_0457.jpg
David,Henderson,AI Leadership Programs,Program Director,NAIS26-0458,Leadership,15 March 2026,attendee_0458.jpg
Priya,Coleman,AI Foundational Systems,Systems Director,NAIS26-0459,Foundations,16 March 2026,attendee_0459.jpg
Noah,Jenkins,AI Ethical AI Development,Development Director,NAIS26-0460,Responsible AI,14 March 2026,attendee_0460.jpg
Olivia,Powell,AI for Smart Agriculture,Smart Agriculture AI,NAIS26-0461,Applied ML,15 March 2026,attendee_0461.jpg
Ethan,Patterson,AI Production Scaling,Scaling Director,NAIS26-0462,AI in Production,16 March 2026,attendee_0462.jpg
Maya,Hughes,AI Strategic Innovation,Innovation Director,NAIS26-0463,Leadership,14 March 2026,attendee_0463.jpg
Daniel,Washington,AI Foundational Principles,Principle Director,NAIS26-0464,Foundations,15 March 2026,attendee_0464.jpg
Lena,Butler,AI Ethical AI Oversight,Oversight Director,NAIS26-0465,Responsible AI,16 March 2026,attendee_0465.jpg
Hiroshi,Simmons,AI for Predictive Policing,Predictive Policing AI,NAIS26-0466,Applied ML,14 March 2026,attendee_0466.jpg
Ava,Foster,AI Production Automation,Automation Director,NAIS26-0467,AI in Production,15 March 2026,attendee_0467.jpg
Mohammed,Gonzales,AI Executive Leadership,Executive Director,NAIS26-0468,Leadership,16 March 2026,attendee_0468.jpg
Sophia,Bryant,AI Core Principles Lab,Principle Director,NAIS26-0469,Foundations,14 March 2026,attendee_0469.jpg
Lucas,Alexander,AI Ethical AI Policy,Policy Director,NAIS26-0470,Responsible AI,15 March 2026,attendee_0470.jpg
Emily,Russell,AI for Personalized Retail,Personalized Retail AI,NAIS26-0471,Applied ML,16 March 2026,attendee_0471.jpg
Julian,Griffin,AI Production Optimization,Optimization Director,NAIS26-0472,AI in Production,14 March 2026,attendee_0472.jpg
Grace,Diaz,AI Leadership Development,Development Director,NAIS26-0473,Leadership,15 March 2026,attendee_0473.jpg
Leo,Hayes,AI Foundational Algorithms,Algorithm Director,NAIS26-0474,Foundations,16 March 2026,attendee_0474.jpg
Zara,Myers,AI Ethical AI Standards,Standards Director,NAIS26-0475,Responsible AI,14 March 2026,attendee_0475.jpg
Samuel,Ford,AI for Smart Manufacturing,Smart Manufacturing AI,NAIS26-0476,Applied ML,15 March 2026,attendee_0476.jpg
Elena,Hamilton,AI Production Workflow,Workflow Director,NAIS26-0477,AI in Production,16 March 2026,attendee_0477.jpg
Wei,Graham,AI Strategic Partnerships,Partnership Director,NAIS26-0478,Leadership,14 March 2026,attendee_0478.jpg
Mia,Wallace,AI Foundational Knowledge,Knowledge Director,NAIS26-0479,Foundations,15 March 2026,attendee_0479.jpg
Gabriel,Cole,AI Ethical AI Audit,Audit Director,NAIS26-0480,Responsible AI,16 March 2026,attendee_0480.jpg
Sophie,Richardson,AI for Environmental Sustainability,Environmental AI Scientist,NAIS26-0481,Applied ML,14 March 2026,attendee_0481.jpg
Arthur,Perry,AI Production Support,Support Director,NAIS26-0482,AI in Production,15 March 2026,attendee_0482.jpg
Nora,Long,AI Innovation Leadership,Innovation Director,NAIS26-0483,Leadership,16 March 2026,attendee_0483.jpg
Ben,Patterson,AI Foundational Concepts,Concept Director,NAIS26-0484,Foundations,14 March 2026,attendee_0484.jpg
Julia,Brooks,AI Ethical AI Governance,Governance Director,NAIS26-0485,Responsible AI,15 March 2026,attendee_0485.jpg
Oscar,Powell,AI for Personalized Healthcare,Personalized Healthcare AI,NAIS26-0486,Applied ML,16 March 2026,attendee_0486.jpg
Lily,Barnes,AI Production Monitoring,Monitoring Director,NAIS26-0487,AI in Production,14 March 2026,attendee_0487.jpg
Ryan,Flores,AI Strategic Vision,Visionary Director,NAIS26-0488,Leadership,15 March 2026,attendee_0488.jpg
Chloe,Bennett,AI Foundational Algorithms,Algorithm Director,NAIS26-0489,Foundations,16 March 2026,attendee_0489.jpg
Max,Wood,AI Ethical AI Impact,Impact Director,NAIS26-0490,Responsible AI,14 March 2026,attendee_0490.jpg
Sarah,Ross,AI for Smart Logistics,Smart Logistics AI,NAIS26-0491,Applied ML,15 March 2026,attendee_0491.jpg
Alex,Henderson,AI Production Reliability,Reliability Director,NAIS26-0492,AI in Production,16 March 2026,attendee_0492.jpg
Jessica,Coleman,AI Leadership Programs,Program Director,NAIS26-0493,Leadership,14 March 2026,attendee_0493.jpg
Kevin,Jenkins,AI Foundational Systems,Systems Director,NAIS26-0494,Foundations,15 March 2026,attendee_0494.jpg
Maria,Powell,AI Ethical AI Development,Development Director,NAIS26-0495,Responsible AI,16 March 2026,attendee_0495.jpg
Jason,Patterson,AI for Financial Risk Management,Financial Risk AI Manager,NAIS26-0496,Applied ML,14 March 2026,attendee_0496.jpg
Hannah,Hughes,AI Production Scaling,Scaling Director,NAIS26-0497,AI in Production,15 March 2026,attendee_0497.jpg
Robert,Washington,AI Strategic Innovation,Innovation Director,NAIS26-0498,Leadership,16 March 2026,attendee_0498.jpg
Grace,Butler,AI Foundational Principles,Principle Director,NAIS26-0499,Foundations,14 March 2026,attendee_0499.jpg
Michael,Simmons,AI Ethical AI Oversight,Oversight Director,NAIS26-0500,Responsible AI,15 March 2026,attendee_0500.jpg
Chloe,Foster,AI for Personalized Marketing,Personalized Marketing AI,NAIS26-0501,Applied ML,16 March 2026,attendee_0501.jpg
Daniel,Gonzales,AI Production Automation,Automation Director,NAIS26-0502,AI in Production,14 March 2026,attendee_0502.jpg
Sofia,Bryant,AI Executive Leadership,Executive Director,NAIS26-0503,Leadership,15 March 2026,attendee_0503.jpg
Liam,Alexander,AI Core Principles Lab,Principle Director,NAIS26-0504,Foundations,16 March 2026,attendee_0504.jpg
Aisha,Russell,AI Ethical AI Policy,Policy Director,NAIS26-0505,Responsible AI,14 March 2026,attendee_0505.jpg
Kenji,Griffin,AI for Predictive Maintenance,Predictive Maintenance AI,NAIS26-0506,Applied ML,15 March 2026,attendee_0506.jpg
Isabella,Diaz,AI Production Optimization,Optimization Director,NAIS26-0507,AI in Production,16 March 2026,attendee_0507.jpg
David,Hayes,AI Leadership Development,Development Director,NAIS26-0508,Leadership,14 March 2026,attendee_0508.jpg
Priya,Myers,AI Foundational Algorithms,Algorithm Director,NAIS26-0509,Foundations,15 March 2026,attendee_0509.jpg
Noah,Ford,AI Ethical AI Standards,Standards Director,NAIS26-0510,Responsible AI,16 March 2026,attendee_0510.jpg
